Loan_ID,Age,Employment_Type,Annual_Income,Loan_Amount,Loan_Tenure_Years,Credit_Score,Existing_Loans,EMI,Loan_Purpose,Default_Status
50001,39,Salaried,1271908,1411325,20,877,4,23477,Home,No Default
50002,35,Salaried,625053,987094,25,357,1,56673,Home,No Default
50003,50,Salaried,1071238,668652,4,416,0,48381,Home,No Default
50004,57,Salaried,1642811,204168,20,724,4,61140,Home,No Default
50005,32,Self-Employed,183417,144984,20,320,1,75338,Home,Default
50006,39,Salaried,603658,355405,16,378,3,14872,Business,Default
50007,54,Salaried,865588,1343294,2,858,4,78252,Personal,No Default
50008,27,Salaried,588253,1175562,13,895,1,53536,Home,No Default
50009,48,Salaried,1266102,1326776,8,407,2,30107,Home,Default
50010,48,Salaried,1400372,106698,13,570,4,12552,Home,No Default
50011,49,Self-Employed,793194,810006,20,775,1,15465,Business,No Default
50012,57,Salaried,985225,1023994,21,369,2,7920,Business,No Default
50013,40,Unemployed,1437719,635733,8,686,2,43568,Personal,No Default
50014,31,Salaried,1843078,1184445,4,465,0,57075,Home,No Default
50015,59,Salaried,1117743,1312847,5,357,1,7468,Personal,Default
50016,62,Self-Employed,1380701,301758,21,750,0,29217,Education,No Default
50017,43,Self-Employed,734080,1279620,6,544,0,42464,Business,No Default
50018,40,Salaried,358522,1239183,23,344,3,45307,Home,Default
50019,40,Unemployed,361696,1006391,19,682,0,70275,Business,No Default
50020,31,Salaried,1008932,68679,10,877,0,55975,Personal,Default
50021,22,Self-Employed,1539405,1065514,27,370,3,72596,Education,No Default
50022,33,Salaried,486623,688979,3,847,3,58192,Home,No Default
50023,33,Self-Employed,455537,1187477,13,538,4,59554,Business,Default
50024,61,Salaried,1516488,1229678,9,879,0,12662,Education,Default
50025,35,Salaried,812289,1481360,17,407,2,76221,Personal,No Default
50026,51,Self-Employed,1178443,633284,10,507,3,19401,Personal,Default
50027,43,Salaried,1274616,975636,12,601,1,5490,Business,Default
50028,42,Salaried,996873,292372,13,729,4,70350,Business,Default
50029,36,Salaried,223105,1181381,24,647,4,44949,Home,No Default
50030,62,Self-Employed,106286,1155220,10,406,0,78094,Personal,No Default
50031,49,Self-Employed,781650,960512,19,827,2,28232,Home,No Default
50032,40,Self-Employed,235221,1224814,21,705,3,54216,Business,No Default
50033,48,Self-Employed,290659,404235,19,555,1,43594,Education,No Default
50034,47,Salaried,204152,595515,26,600,0,20617,Home,No Default
50035,64,Salaried,1254536,938774,17,444,2,27552,Personal,No Default
50036,49,Salaried,1667564,1190814,26,823,0,28640,Business,Default
50037,25,Salaried,692169,1248322,5,861,0,19697,Business,No Default
50038,62,Salaried,1301581,578884,8,659,4,14541,Home,No Default
50039,58,Salaried,1777848,590876,5,823,1,19354,Home,No Default
50040,58,Salaried,1353954,551195,15,783,1,39474,Business,No Default
50041,64,Self-Employed,1428802,366798,4,489,1,51057,Home,No Default
50042,22,Salaried,1521811,536098,25,595,1,44439,Business,Default
50043,40,Self-Employed,1683727,1373173,13,392,3,11362,Personal,Default
50044,63,Self-Employed,893416,1420272,17,429,3,15171,Education,No Default
50045,33,Self-Employed,1013613,664405,5,783,1,70721,Home,No Default
50046,46,Unemployed,1203765,418268,1,708,2,74800,Personal,No Default
50047,55,Salaried,1765903,1031196,22,640,3,27975,Personal,No Default
50048,28,Salaried,1841960,860956,15,513,3,63945,Home,No Default
50049,48,Self-Employed,1253431,868275,10,629,2,55596,Personal,No Default
50050,61,Salaried,149430,113140,25,474,1,41218,Business,No Default
50051,35,Self-Employed,751940,1204896,11,743,0,18582,Home,No Default
50052,28,Salaried,1550924,1049650,18,500,3,3147,Education,Default
50053,31,Salaried,1183662,999528,29,397,0,56428,Business,No Default
50054,49,Salaried,596056,1243678,13,402,0,72242,Personal,No Default
50055,25,Unemployed,727939,562470,20,852,2,6035,Personal,No Default
50056,27,Self-Employed,1425182,992976,24,450,1,51008,Education,No Default
50057,38,Self-Employed,1063853,911480,16,567,0,28858,Education,No Default
50058,48,Self-Employed,908755,200117,19,651,1,77453,Personal,No Default
50059,32,Salaried,118167,339279,23,766,4,27893,Education,No Default
50060,32,Salaried,1158643,900705,12,577,1,71504,Education,No Default
50061,56,Self-Employed,1859718,1460688,23,867,2,78817,Personal,No Default
50062,49,Salaried,948419,231749,14,315,2,39822,Business,No Default
50063,31,Salaried,1676090,1053174,2,755,4,48253,Home,No Default
50064,26,Salaried,518777,800793,28,478,2,29004,Personal,No Default
50065,41,Salaried,1000008,957877,10,433,1,39631,Education,No Default
50066,30,Self-Employed,987555,938390,4,557,1,16431,Education,No Default
50067,52,Salaried,136738,325877,1,361,1,8174,Business,No Default
50068,53,Self-Employed,1001544,1084759,24,781,2,28069,Personal,No Default
50069,37,Self-Employed,1966663,1291761,26,776,1,77496,Personal,No Default
50070,23,Salaried,1511129,1050520,26,341,3,28859,Education,No Default
50071,63,Salaried,905286,1424552,25,672,4,42496,Personal,No Default
50072,38,Salaried,548262,970602,17,672,3,73964,Education,No Default
50073,30,Unemployed,1103218,659448,11,598,1,76496,Education,Default
50074,61,Salaried,709099,159318,7,351,2,49798,Education,No Default
50075,59,Salaried,306483,1417839,17,678,4,49642,Home,No Default
50076,63,Self-Employed,1061637,761240,28,611,3,46683,Education,Default
50077,28,Salaried,398059,624287,17,878,1,10451,Business,No Default
50078,54,Unemployed,556604,1407742,9,358,2,64643,Personal,Default
50079,57,Self-Employed,964221,310820,10,603,1,54095,Home,No Default
50080,61,Salaried,349811,216544,26,334,3,50394,Personal,No Default
50081,53,Salaried,1177313,269746,6,887,3,7275,Business,No Default
50082,30,Salaried,1915342,1364613,17,792,4,24855,Home,No Default
50083,60,Self-Employed,238973,1306447,16,790,2,24624,Personal,No Default
50084,38,Self-Employed,1231670,675586,7,520,0,20614,Home,No Default
50085,45,Salaried,578085,572419,19,896,1,62981,Education,No Default
50086,62,Salaried,634289,742661,26,422,2,60157,Education,No Default
50087,61,Unemployed,1632340,280876,4,401,0,22131,Personal,No Default
50088,56,Salaried,1374645,363738,20,814,2,68431,Business,No Default
50089,22,Self-Employed,1531524,289133,24,612,1,43620,Home,Default
50090,39,Salaried,1049315,966049,17,805,1,13041,Home,No Default
50091,30,Salaried,1899882,162696,24,793,4,78153,Personal,No Default
50092,23,Self-Employed,746888,109087,9,498,3,68646,Education,No Default
50093,39,Salaried,465218,525461,11,812,3,41591,Home,No Default
50094,46,Salaried,1017450,283793,23,629,3,76886,Education,No Default
50095,45,Salaried,1208065,769082,1,626,4,69673,Education,No Default
50096,37,Salaried,137896,708026,7,309,3,33207,Business,No Default
50097,30,Unemployed,1899070,1206281,22,426,2,15107,Education,No Default
50098,31,Salaried,554135,627801,5,530,3,3840,Education,No Default
50099,31,Unemployed,350616,164307,5,314,3,30240,Home,No Default
50100,32,Unemployed,881801,1302336,1,786,1,35510,Business,No Default
50101,60,Unemployed,927359,1062040,6,741,4,5160,Business,No Default
50102,28,Self-Employed,1118282,1376889,13,857,4,39309,Personal,No Default
50103,44,Salaried,1640322,822119,15,573,3,58718,Personal,No Default
50104,34,Unemployed,589200,67668,4,302,0,42449,Personal,No Default
50105,43,Salaried,1049834,285715,17,625,1,64858,Business,No Default
50106,56,Salaried,1351344,101810,28,552,3,25391,Education,No Default
50107,37,Salaried,1323218,977583,24,833,0,16295,Business,No Default
50108,25,Salaried,520067,592650,24,354,2,58561,Education,No Default
50109,23,Salaried,1169761,456135,28,747,1,49036,Personal,Default
50110,29,Salaried,1350541,1308942,13,596,4,42642,Personal,No Default
50111,40,Salaried,1799598,668698,11,672,0,61672,Education,No Default
50112,40,Salaried,1660475,552873,4,768,3,17597,Education,No Default
50113,39,Salaried,1100834,1155602,29,435,0,27180,Personal,No Default
50114,41,Self-Employed,432444,101376,7,545,4,65576,Education,No Default
50115,36,Salaried,1228701,931266,19,369,2,39473,Business,No Default
50116,53,Salaried,1078227,64156,24,780,0,2141,Personal,No Default
50117,25,Salaried,1158613,1114815,7,829,3,6655,Business,No Default
50118,44,Salaried,265177,974593,14,789,0,53250,Personal,No Default
50119,35,Salaried,1809356,63014,21,802,2,64971,Home,No Default
50120,46,Salaried,1885973,842349,16,416,0,40157,Business,No Default
50121,64,Salaried,872145,65350,21,556,2,27785,Home,No Default
50122,45,Salaried,1248693,1497534,9,727,2,9388,Personal,No Default
50123,48,Salaried,109779,545773,22,414,1,54957,Business,Default
50124,53,Unemployed,1684308,427380,22,793,1,35741,Business,No Default
50125,38,Salaried,190654,510591,2,361,3,2085,Business,No Default
50126,38,Self-Employed,1118182,264943,27,796,3,44756,Education,No Default
50127,58,Self-Employed,1608854,1440917,16,379,3,32395,Business,No Default
50128,53,Salaried,1324175,419698,5,784,2,52296,Business,No Default
50129,47,Unemployed,1221199,331035,12,321,2,65927,Home,No Default
50130,35,Self-Employed,1534869,864915,20,894,1,55816,Business,No Default
50131,64,Self-Employed,1550585,867567,26,623,2,49972,Education,No Default
50132,33,Salaried,267454,931525,15,816,1,55797,Business,No Default
50133,54,Salaried,495365,979186,3,560,0,65716,Home,No Default
50134,24,Salaried,1627013,324942,9,428,3,39034,Business,Default
50135,55,Salaried,1976355,1455295,27,583,3,44313,Business,No Default
50136,39,Self-Employed,1803842,1273567,28,346,4,55282,Home,No Default
50137,51,Self-Employed,414976,850630,7,487,1,60568,Personal,No Default
50138,45,Salaried,322786,681666,4,318,4,51135,Business,No Default
50139,60,Self-Employed,1621343,760862,25,898,3,28108,Personal,No Default
50140,32,Self-Employed,512882,606392,9,307,4,17870,Home,No Default
50141,32,Salaried,1151272,844035,28,336,0,62661,Home,No Default
50142,62,Salaried,1049677,986513,15,897,4,76975,Personal,No Default
50143,45,Salaried,112626,1259613,23,371,0,65828,Education,No Default
50144,53,Self-Employed,278359,1297337,21,680,3,7921,Education,Default
50145,57,Self-Employed,153303,1431017,29,565,2,21895,Home,No Default
50146,48,Salaried,1098354,728929,25,366,1,31215,Education,Default
50147,63,Salaried,1455513,774462,29,363,4,34356,Education,No Default
50148,29,Self-Employed,854969,1147987,7,329,0,15461,Home,No Default
50149,34,Self-Employed,1573083,1206580,25,856,3,26256,Business,No Default
50150,23,Salaried,1981215,566408,11,315,3,24883,Business,No Default
50151,25,Salaried,1968492,1256902,19,577,2,50916,Business,No Default
50152,46,Self-Employed,1760629,150148,11,576,3,32671,Education,No Default
50153,61,Salaried,1285406,417717,25,520,3,42927,Personal,No Default
50154,38,Salaried,1213071,356355,1,492,2,41284,Education,Default
50155,58,Self-Employed,787611,645420,21,323,3,71019,Business,Default
50156,41,Salaried,414951,1316337,13,440,0,12130,Home,No Default
50157,59,Self-Employed,876407,559924,13,325,4,73693,Home,Default
50158,36,Salaried,590585,1326253,2,397,4,41126,Home,No Default
50159,60,Salaried,1356367,366539,17,575,0,72675,Education,No Default
50160,43,Salaried,206809,213107,19,872,4,19311,Personal,No Default
50161,49,Salaried,311688,1264107,23,542,3,52889,Business,No Default
50162,30,Salaried,938206,1270935,15,732,4,15632,Home,No Default
50163,25,Self-Employed,1485335,280964,19,308,4,5038,Business,Default
50164,31,Salaried,1593433,463353,10,571,3,9219,Business,No Default
50165,49,Unemployed,1875750,1267170,10,331,4,74036,Education,No Default
50166,47,Salaried,1074771,1137517,27,778,3,20105,Home,Default
50167,54,Salaried,1467921,485273,9,427,2,31278,Education,No Default
50168,34,Salaried,661085,556027,19,316,2,29995,Business,No Default
50169,61,Self-Employed,234135,997193,11,852,4,4825,Business,No Default
50170,62,Salaried,1648448,123588,6,772,2,25054,Business,No Default
50171,30,Salaried,667435,293795,2,600,4,45694,Home,No Default
50172,62,Self-Employed,602063,294696,24,341,2,43178,Home,No Default
50173,31,Salaried,955860,1431960,10,351,4,18788,Home,No Default
50174,31,Salaried,1232233,631716,15,487,1,15077,Business,No Default
50175,55,Salaried,251676,1001549,5,450,0,61198,Business,Default
50176,39,Salaried,614984,1404391,18,543,2,33013,Personal,No Default
50177,44,Salaried,126484,883335,7,790,3,73694,Home,No Default
50178,21,Self-Employed,797690,1017174,3,426,0,54849,Business,No Default
50179,32,Self-Employed,490737,323859,21,708,4,39834,Business,No Default
50180,34,Self-Employed,159321,1295367,27,643,0,77563,Personal,Default
50181,23,Salaried,594915,1074972,25,890,3,34925,Personal,No Default
50182,52,Unemployed,1328775,405641,16,397,3,24295,Business,No Default
50183,36,Salaried,1249334,1119282,17,367,4,30253,Home,Default
50184,58,Salaried,1164404,741955,2,327,2,75457,Education,No Default
50185,30,Salaried,1153533,896087,16,328,2,48853,Education,No Default
50186,37,Self-Employed,905103,838929,21,511,1,19189,Education,No Default
50187,60,Salaried,1076084,63562,20,779,3,45154,Home,No Default
50188,24,Salaried,1271414,1455097,1,371,1,7183,Business,No Default
50189,35,Self-Employed,204596,1329887,14,790,3,21023,Education,No Default
50190,53,Salaried,590055,1317843,16,409,1,10957,Education,No Default
50191,59,Salaried,750342,845450,23,412,2,18620,Home,No Default
50192,30,Salaried,1076054,1258925,9,696,3,6491,Business,Default
50193,27,Self-Employed,698520,1273725,17,531,2,40728,Business,Default
50194,53,Salaried,1389911,1049773,8,342,0,66650,Home,No Default
50195,37,Salaried,1882284,492466,9,564,2,36567,Education,Default
50196,32,Unemployed,568347,739932,2,345,3,5387,Business,Default
50197,37,Salaried,961927,1155840,13,869,0,18025,Business,No Default
50198,36,Salaried,611637,962368,1,524,1,3446,Education,No Default
50199,34,Self-Employed,491942,447386,22,400,4,28610,Home,No Default
50200,23,Salaried,1950391,861146,7,580,3,38981,Education,Default
50201,64,Salaried,633180,99294,18,537,4,31309,Personal,No Default
50202,50,Salaried,1962788,738071,21,545,4,61388,Business,No Default
50203,61,Salaried,481945,1078203,5,398,0,32434,Home,No Default
50204,55,Self-Employed,456401,836652,7,499,1,36226,Education,No Default
50205,46,Salaried,1299037,351913,12,555,2,72834,Education,No Default
50206,32,Salaried,219478,1422669,27,736,0,20406,Home,No Default
50207,51,Self-Employed,1193657,389972,17,793,1,36716,Business,No Default
50208,37,Salaried,1406610,1115347,26,735,2,24989,Home,No Default
50209,57,Salaried,459049,818567,24,323,2,44580,Personal,No Default
50210,28,Salaried,1640106,373326,5,662,1,47731,Home,Default
50211,39,Salaried,375239,1306407,12,569,2,79541,Personal,No Default
50212,46,Salaried,1088261,475930,19,527,3,8861,Business,No Default
50213,24,Salaried,1175210,866861,13,427,3,42039,Education,No Default
50214,35,Salaried,279311,1399479,16,842,0,12353,Personal,No Default
50215,34,Self-Employed,1021181,509311,29,357,2,17630,Personal,No Default
50216,50,Self-Employed,1061283,307186,25,624,2,66050,Home,No Default
50217,62,Salaried,672161,1296955,27,405,1,61101,Home,No Default
50218,44,Salaried,191084,440903,19,736,3,72254,Education,No Default
50219,63,Salaried,566086,599228,23,384,4,18907,Business,No Default
50220,54,Salaried,800112,844108,10,301,0,6484,Personal,No Default
50221,39,Self-Employed,1994806,197972,12,736,3,25194,Education,No Default
50222,23,Self-Employed,400076,1028879,7,750,1,25886,Personal,No Default
50223,24,Salaried,698857,402585,14,864,0,10537,Education,No Default
50224,31,Salaried,1007980,640201,10,740,4,25399,Home,No Default
50225,33,Salaried,1271369,705519,28,521,0,8892,Home,Default
50226,38,Salaried,358406,567359,8,324,3,42544,Business,No Default
50227,39,Unemployed,1917129,480158,15,334,4,21267,Home,No Default
50228,64,Self-Employed,690108,1493991,26,642,1,42396,Education,Default
50229,53,Salaried,1384495,306382,16,665,0,33340,Personal,No Default
50230,58,Salaried,728162,1111556,8,635,3,45404,Education,No Default
50231,23,Salaried,1760515,1010501,4,732,1,38228,Business,No Default
50232,55,Self-Employed,418907,486575,17,756,4,53736,Home,Default
50233,21,Self-Employed,1232931,403480,4,778,0,76884,Home,No Default
50234,55,Salaried,140291,489222,22,697,2,17637,Personal,No Default
50235,56,Self-Employed,602543,592660,26,642,3,78760,Business,No Default
50236,58,Salaried,571464,957432,11,579,3,48180,Business,Default
50237,59,Salaried,1510053,58168,13,651,2,57699,Home,No Default
50238,45,Self-Employed,1049801,337110,6,496,1,68843,Business,No Default
50239,60,Salaried,523807,834217,22,524,3,79962,Education,No Default
50240,33,Self-Employed,386619,744369,14,346,1,17580,Business,No Default
50241,24,Salaried,153603,311496,28,484,4,70388,Education,No Default
50242,26,Salaried,905782,1094414,7,461,2,53376,Education,No Default
50243,31,Salaried,852380,996515,12,594,1,38212,Education,No Default
50244,21,Salaried,435435,1444194,27,391,4,67220,Home,No Default
50245,28,Salaried,1509577,578335,1,886,0,49404,Education,Default
50246,54,Salaried,884222,328659,10,467,3,52403,Personal,No Default
50247,60,Salaried,837547,250287,1,557,2,28247,Business,No Default
50248,29,Salaried,441883,728097,16,856,0,72277,Education,No Default
50249,56,Self-Employed,1696383,1314644,7,608,0,49502,Personal,No Default
50250,59,Salaried,1477496,1242575,28,428,0,28607,Home,No Default
50251,62,Self-Employed,956127,114565,20,849,1,65543,Home,No Default
50252,57,Salaried,446553,886024,6,868,3,49001,Home,Default
50253,62,Salaried,1402194,542723,22,460,2,44191,Home,No Default
50254,64,Salaried,766140,1483840,25,475,3,58957,Business,No Default
50255,41,Salaried,1924018,932449,18,587,3,34802,Home,Default
50256,40,Salaried,239733,397455,20,704,3,48031,Business,No Default
50257,58,Salaried,594807,135641,4,879,4,46431,Personal,No Default
50258,21,Salaried,128512,1274726,23,639,4,25671,Home,No Default
50259,55,Unemployed,1166979,482759,16,567,4,42668,Home,No Default
50260,48,Salaried,1715847,1491394,1,517,4,29573,Personal,No Default
50261,27,Self-Employed,1977557,663368,21,463,3,45542,Personal,No Default
50262,63,Salaried,981517,518147,27,690,3,68598,Business,No Default
50263,64,Self-Employed,935151,494255,20,716,2,67258,Education,No Default
50264,29,Salaried,432993,782613,2,347,2,11782,Business,Default
50265,21,Unemployed,737639,938930,16,493,2,42862,Education,No Default
50266,56,Salaried,569004,1263160,21,383,2,43006,Business,No Default
50267,54,Salaried,875872,361748,9,346,2,6774,Education,No Default
50268,54,Salaried,207915,839694,15,533,4,72615,Home,No Default
50269,37,Salaried,1436176,74129,24,598,3,32715,Education,No Default
50270,52,Unemployed,1378790,852956,16,446,2,14180,Personal,No Default
50271,22,Self-Employed,1075599,330242,9,495,1,58400,Personal,No Default
50272,56,Self-Employed,1157037,388692,7,321,2,22148,Education,No Default
50273,45,Salaried,1831881,1354750,10,493,2,54184,Home,No Default
50274,63,Self-Employed,539906,765171,7,685,3,46342,Home,No Default
50275,46,Salaried,694651,493043,13,663,4,55479,Education,No Default
50276,46,Salaried,188907,1003777,2,573,0,34853,Education,No Default
50277,41,Self-Employed,702727,119138,12,683,3,78904,Personal,No Default
50278,38,Salaried,1037391,73059,13,507,4,16066,Personal,No Default
50279,49,Salaried,1898008,1271525,3,574,1,41995,Business,No Default
50280,44,Salaried,523319,466104,11,795,0,38059,Home,No Default
50281,48,Salaried,1490656,733758,26,838,4,10779,Home,No Default
50282,32,Salaried,746800,834829,8,826,4,43562,Home,No Default
50283,31,Salaried,885445,661011,11,458,3,66627,Business,No Default
50284,47,Self-Employed,528059,395794,18,759,4,66981,Business,No Default
50285,43,Self-Employed,805824,127156,7,693,2,50294,Personal,No Default
50286,53,Unemployed,1918519,603520,12,738,4,12353,Personal,No Default
50287,36,Salaried,966158,456500,6,678,0,14871,Education,Default
50288,48,Self-Employed,708492,1356682,28,463,4,45377,Business,No Default
50289,48,Self-Employed,1704733,155332,10,629,1,75052,Business,No Default
50290,58,Salaried,223263,112630,20,869,2,23670,Business,No Default
50291,26,Salaried,1146853,938454,27,446,0,12311,Home,Default
50292,62,Salaried,1930996,161558,15,409,0,6955,Personal,No Default
50293,49,Salaried,1065356,1072896,20,693,3,45360,Education,No Default
50294,54,Salaried,931733,805288,15,860,3,15322,Business,No Default
50295,23,Salaried,1589283,477790,19,481,2,2152,Business,No Default
50296,26,Salaried,1000000,504918,6,872,0,15473,Business,No Default
50297,58,Salaried,1787414,1321214,19,742,1,73445,Home,No Default
50298,33,Salaried,147369,1294787,15,429,4,29009,Education,No Default
50299,56,Self-Employed,1003928,113683,25,702,4,67674,Education,No Default
50300,35,Self-Employed,1878467,124081,20,804,4,16541,Business,No Default
50301,26,Salaried,623468,476924,20,321,3,73775,Education,No Default
50302,53,Salaried,1982339,774841,18,316,0,79270,Home,No Default
50303,61,Salaried,128911,471934,2,581,0,53517,Business,No Default
50304,32,Salaried,223976,440452,7,526,1,2018,Personal,No Default
50305,63,Salaried,341310,1238069,5,719,3,44396,Personal,No Default
50306,33,Self-Employed,342051,520426,3,672,1,53113,Education,No Default
50307,53,Salaried,368665,236683,6,600,0,78182,Personal,No Default
50308,48,Self-Employed,139123,898972,6,585,4,41880,Personal,No Default
50309,56,Self-Employed,546087,555917,1,415,3,60206,Business,No Default
50310,25,Salaried,1442234,1040778,19,448,3,18484,Home,No Default
50311,45,Salaried,137539,820285,12,703,3,41606,Business,Default
50312,37,Salaried,1970472,1036812,5,389,4,49121,Home,No Default
50313,57,Salaried,1718090,848797,27,418,3,64618,Business,No Default
50314,39,Salaried,539447,745215,29,392,2,16464,Personal,No Default
50315,55,Unemployed,695620,683879,27,746,3,74671,Business,No Default
50316,63,Self-Employed,657864,1398742,7,611,4,73565,Education,No Default
50317,54,Unemployed,1126151,1033390,20,617,3,64778,Education,No Default
50318,26,Salaried,103293,640736,28,420,2,4509,Home,No Default
50319,39,Salaried,469945,1135789,8,616,2,48240,Home,No Default
50320,21,Salaried,234531,1419368,19,437,3,3955,Home,No Default
50321,27,Salaried,905235,1371435,6,583,0,77382,Education,Default
50322,54,Salaried,956192,534540,15,819,0,9078,Business,No Default
50323,39,Salaried,1942579,762262,6,804,1,55932,Personal,No Default
50324,53,Salaried,125772,1113799,9,690,2,73699,Home,Default
50325,46,Unemployed,940151,1000739,4,304,0,47601,Business,Default
50326,61,Unemployed,638459,1022017,16,666,1,26377,Business,No Default
50327,62,Salaried,1262203,1415175,23,791,0,74251,Education,Default
50328,47,Self-Employed,742500,830765,10,765,3,41373,Education,No Default
50329,58,Salaried,991487,1282375,1,534,2,58683,Personal,No Default
50330,46,Salaried,1748117,585679,11,661,0,57001,Business,No Default
50331,55,Self-Employed,1884883,1187088,17,821,3,20754,Home,No Default
50332,40,Salaried,1482493,594997,18,541,1,44970,Education,No Default
50333,44,Self-Employed,601311,1001336,20,741,3,79863,Business,No Default
50334,41,Self-Employed,1551028,218728,28,487,1,49055,Education,No Default
50335,46,Self-Employed,798473,1080817,22,703,0,15221,Business,No Default
50336,40,Unemployed,146927,63111,20,726,4,15870,Education,No Default
50337,26,Salaried,1317735,311459,15,712,3,5740,Home,No Default
50338,23,Salaried,249323,469485,6,813,4,21105,Personal,No Default
50339,30,Salaried,986111,1160851,16,453,2,76387,Home,Default
50340,32,Salaried,754616,199850,2,502,4,43672,Education,No Default
50341,53,Salaried,468578,682841,25,516,2,76902,Education,No Default
50342,42,Self-Employed,1370371,142704,27,781,0,30519,Education,No Default
50343,36,Salaried,467440,1356570,3,614,0,52712,Home,No Default
50344,37,Unemployed,900282,1216184,23,300,3,60328,Education,No Default
50345,30,Self-Employed,709524,358562,17,802,4,10687,Home,No Default
50346,32,Salaried,1587795,1355622,8,577,2,56560,Education,No Default
50347,39,Salaried,1756382,243732,20,493,2,45622,Personal,No Default
50348,60,Salaried,367093,88708,27,547,4,61470,Personal,No Default
50349,43,Salaried,392725,1467072,28,387,0,66949,Education,Default
50350,60,Salaried,696396,1208020,15,733,0,70111,Business,No Default
50351,30,Salaried,1830489,160353,13,719,2,25892,Home,No Default
50352,30,Self-Employed,1571525,556128,21,552,3,3082,Education,No Default
50353,30,Salaried,867394,494345,23,728,0,53905,Home,Default
50354,59,Self-Employed,1722654,223506,19,463,1,10735,Business,No Default
50355,50,Self-Employed,1906406,911290,25,794,2,13255,Personal,Default
50356,24,Salaried,831010,566976,25,461,4,12094,Home,No Default
50357,21,Salaried,1542437,338121,24,806,4,62515,Home,No Default
50358,63,Self-Employed,826780,1308407,1,564,2,32651,Home,No Default
50359,39,Unemployed,1958060,1178278,28,409,2,36918,Home,No Default
50360,25,Salaried,1830510,1444390,29,618,0,8103,Home,No Default
50361,50,Salaried,182009,410449,12,431,2,62146,Personal,No Default
50362,46,Salaried,1327552,780232,18,432,2,56390,Home,No Default
50363,60,Salaried,602990,91108,18,693,1,51158,Home,No Default
50364,54,Salaried,1491677,737027,3,851,4,29011,Personal,No Default
50365,22,Salaried,946142,332775,18,334,0,60889,Education,Default
50366,44,Self-Employed,1141207,663940,17,870,3,64267,Education,No Default
50367,34,Salaried,985286,868853,11,671,0,53241,Home,No Default
50368,61,Salaried,105224,596707,5,330,4,6191,Personal,Default
50369,62,Salaried,277390,748673,22,473,3,7623,Home,Default
50370,33,Self-Employed,1973357,117579,29,689,2,4293,Education,No Default
50371,49,Salaried,1472286,182774,7,405,1,22593,Personal,No Default
50372,21,Unemployed,1595122,1142465,26,574,1,79302,Business,No Default
50373,54,Salaried,1682299,455978,23,395,4,63384,Personal,No Default
50374,24,Salaried,945416,1226358,18,329,4,37992,Education,No Default
50375,48,Salaried,1633856,1059279,29,460,1,17848,Personal,No Default
50376,39,Self-Employed,204395,928624,7,605,3,63173,Business,Default
50377,21,Salaried,1446121,1211993,18,495,3,17759,Personal,No Default
50378,56,Salaried,860454,367122,2,637,0,9517,Home,No Default
50379,63,Self-Employed,1872973,1392850,28,437,2,32980,Home,No Default
50380,33,Self-Employed,501981,929774,6,746,3,71126,Education,No Default
50381,62,Salaried,878752,491114,22,609,2,10455,Personal,Default
50382,25,Self-Employed,1729262,489834,8,478,4,8944,Education,No Default
50383,53,Salaried,1185504,862258,21,636,3,66627,Personal,No Default
50384,34,Salaried,1125964,1392715,21,533,3,66723,Education,No Default
50385,36,Salaried,530035,1234110,26,548,3,29100,Personal,No Default
50386,52,Salaried,675670,539224,17,431,0,68176,Home,No Default
50387,47,Salaried,1989345,1133380,4,548,4,2858,Education,No Default
50388,55,Salaried,1343970,1317973,17,754,1,39011,Education,No Default
50389,23,Salaried,1000963,728533,26,798,0,17437,Business,No Default
50390,24,Salaried,1074031,1228666,16,362,0,27550,Personal,No Default
50391,27,Salaried,1089237,829794,21,691,3,27861,Home,No Default
50392,33,Salaried,965500,1325919,15,556,0,43011,Home,No Default
50393,61,Salaried,364427,109496,15,547,1,30929,Home,No Default
50394,23,Salaried,1055256,976486,8,563,0,3019,Education,No Default
50395,37,Self-Employed,575747,931866,17,766,0,26284,Home,No Default
50396,30,Salaried,426590,1433119,19,660,3,79350,Education,No Default
50397,21,Salaried,1599573,1379052,1,692,4,77640,Business,No Default
50398,48,Salaried,459403,1251136,13,478,1,76015,Home,No Default
50399,30,Self-Employed,617555,1446783,6,805,3,72909,Business,No Default
50400,27,Salaried,1188181,1177059,10,798,0,34371,Personal,No Default
50401,59,Salaried,1457220,1491044,1,591,1,15234,Personal,No Default
50402,23,Salaried,1123083,331376,26,887,2,65172,Business,Default
50403,27,Unemployed,239787,1483713,12,398,0,8357,Personal,No Default
50404,29,Salaried,293978,803369,19,480,4,23595,Home,No Default
50405,60,Salaried,1512601,103685,15,702,0,47599,Home,No Default
50406,55,Salaried,1228851,1115121,21,673,4,9772,Education,No Default
50407,46,Salaried,1826806,520856,5,552,2,55890,Business,No Default
50408,25,Salaried,784831,1156423,2,421,3,30684,Business,No Default
50409,33,Self-Employed,1815526,325491,19,741,3,56085,Education,Default
50410,50,Salaried,380789,707994,14,544,3,61924,Home,No Default
50411,60,Salaried,1018527,1355033,29,790,1,13708,Business,No Default
50412,59,Salaried,1109195,448317,9,345,4,9670,Education,No Default
50413,30,Salaried,1959905,661974,29,751,0,72470,Business,No Default
50414,62,Salaried,639725,1116469,1,595,1,4666,Business,No Default
50415,43,Salaried,1356502,68703,13,440,1,69989,Education,Default
50416,31,Self-Employed,1454511,1121065,17,820,0,43247,Business,No Default
50417,32,Salaried,1573367,681263,28,365,2,4473,Personal,No Default
50418,33,Salaried,148198,422894,2,782,3,27565,Education,No Default
50419,60,Self-Employed,991971,1025602,24,608,2,24608,Education,Default
50420,36,Salaried,423763,828443,22,759,2,43214,Personal,No Default
50421,29,Self-Employed,1077828,651230,14,892,3,32548,Business,No Default
50422,30,Salaried,906573,211731,20,697,2,36602,Personal,No Default
50423,49,Salaried,1801544,815270,23,768,1,22735,Business,No Default
50424,29,Salaried,878689,451167,6,691,0,18806,Home,No Default
50425,53,Salaried,1477540,957951,25,396,1,63637,Personal,No Default
50426,44,Salaried,1176670,1425137,6,489,1,48292,Personal,No Default
50427,55,Self-Employed,1658140,265765,18,494,4,31228,Personal,No Default
50428,31,Unemployed,1031970,1084608,19,633,3,49986,Home,No Default
50429,59,Salaried,1317769,739366,9,382,3,44855,Business,No Default
50430,33,Self-Employed,559655,571726,15,550,1,27864,Home,No Default
50431,43,Salaried,1190713,1285512,7,369,3,40840,Personal,No Default
50432,45,Unemployed,468969,312884,6,591,4,27924,Home,No Default
50433,36,Salaried,1403164,1454715,29,639,0,2554,Personal,No Default
50434,41,Self-Employed,208385,302230,5,684,2,51158,Education,No Default
50435,30,Salaried,1951373,571177,19,757,3,69627,Business,No Default
50436,61,Self-Employed,974362,421483,20,440,1,29749,Personal,No Default
50437,60,Self-Employed,1950979,1370447,1,439,3,52809,Home,No Default
50438,39,Salaried,229076,172179,21,374,1,66076,Home,No Default
50439,55,Salaried,732651,1256181,7,399,2,76539,Home,Default
50440,48,Self-Employed,1704223,211480,18,474,3,57246,Business,Default
50441,61,Salaried,1968188,677811,27,622,2,9463,Education,Default
50442,22,Salaried,623277,1426025,28,776,1,53114,Business,No Default
50443,50,Salaried,1351823,1468314,8,309,4,76045,Education,No Default
50444,60,Self-Employed,1834148,1335556,12,345,4,26466,Home,No Default
50445,60,Salaried,1643929,1468607,10,815,0,20932,Business,No Default
50446,25,Salaried,1200143,547726,6,612,1,40867,Education,No Default
50447,58,Unemployed,1888442,494015,26,537,1,20984,Home,Default
50448,62,Salaried,1573148,125759,16,330,1,37862,Home,No Default
50449,35,Salaried,1039459,1147637,19,809,4,56896,Business,No Default
50450,56,Salaried,912572,1379928,18,429,4,4790,Education,No Default
50451,23,Self-Employed,866466,897072,24,684,4,61805,Home,Default
50452,44,Salaried,1599616,332309,13,892,3,46449,Home,No Default
50453,61,Salaried,1974333,568327,20,324,3,29245,Home,Default
50454,61,Self-Employed,286504,1454196,7,560,4,33336,Personal,Default
50455,32,Salaried,308640,462728,7,859,2,53515,Education,No Default
50456,28,Self-Employed,1930127,1231627,16,697,3,38269,Education,No Default
50457,34,Salaried,967094,405953,26,863,3,37582,Personal,No Default
50458,38,Self-Employed,1479138,449828,25,629,3,65720,Home,No Default
50459,64,Salaried,537919,449238,10,448,3,49827,Personal,No Default
50460,40,Self-Employed,1642615,1158326,15,708,0,22517,Personal,No Default
50461,43,Salaried,768165,256376,14,878,3,49365,Personal,No Default
50462,25,Salaried,1932396,1257703,24,418,2,71065,Education,No Default
50463,21,Unemployed,104400,504105,12,733,0,64430,Home,Default
50464,22,Salaried,1452334,123368,29,527,3,31456,Home,No Default
50465,36,Self-Employed,585305,960781,15,539,1,30212,Education,No Default
50466,25,Salaried,1754964,960291,8,531,0,67346,Education,Default
50467,42,Salaried,513725,766392,7,589,3,15930,Personal,No Default
50468,21,Self-Employed,594539,574587,26,453,2,34915,Personal,No Default
50469,32,Salaried,1214876,1217785,21,458,4,67202,Business,No Default
50470,39,Self-Employed,1562311,1080304,9,862,3,69245,Business,No Default
50471,42,Salaried,1867610,566496,14,775,1,33106,Education,Default
50472,62,Salaried,1748958,440521,28,847,2,71526,Personal,Default
50473,64,Self-Employed,1033679,146190,27,312,0,30040,Education,Default
50474,37,Salaried,1471362,395344,7,806,2,15962,Personal,No Default
50475,33,Salaried,815483,718388,12,517,3,75390,Personal,Default
50476,59,Self-Employed,1276443,75437,14,521,1,62665,Education,No Default
50477,48,Salaried,1306595,54589,11,587,2,72059,Education,Default
50478,23,Salaried,245286,385813,19,823,2,63324,Home,No Default
50479,25,Self-Employed,842318,1334584,28,786,4,29669,Home,No Default
50480,56,Self-Employed,1800906,1030149,6,623,4,4597,Business,No Default
50481,35,Salaried,434479,986672,3,475,3,31210,Education,No Default
50482,37,Salaried,852917,900277,6,340,0,62697,Business,No Default
50483,64,Self-Employed,1621837,1433654,29,624,0,3302,Education,No Default
50484,49,Salaried,1813910,859524,24,566,1,64583,Education,No Default
50485,24,Salaried,543432,1351509,9,692,3,79052,Education,No Default
50486,52,Unemployed,728273,1217423,2,412,0,79790,Home,No Default
50487,63,Salaried,412642,1304487,6,583,2,70060,Business,No Default
50488,58,Salaried,159571,550807,14,502,3,52240,Education,No Default
50489,24,Self-Employed,1942005,96635,19,443,2,56857,Business,Default
50490,33,Self-Employed,830270,150604,23,542,1,52478,Business,No Default
50491,40,Self-Employed,923332,270961,27,334,3,9484,Home,No Default
50492,38,Salaried,1937461,917233,4,352,1,60627,Home,No Default
50493,62,Salaried,362682,918865,14,802,4,5356,Education,No Default
50494,57,Self-Employed,1224727,676823,21,655,1,24600,Personal,Default
50495,32,Salaried,1703457,1072360,10,449,4,19451,Business,No Default
50496,45,Self-Employed,1281951,320456,6,736,3,5074,Home,No Default
50497,50,Salaried,1335221,551213,11,749,2,53642,Business,No Default
50498,35,Self-Employed,608152,112263,13,824,2,58696,Personal,No Default
50499,56,Salaried,1931604,214957,24,566,2,32858,Business,No Default
50500,28,Salaried,1206960,501064,18,385,1,37630,Education,No Default
50501,48,Salaried,674831,506710,20,608,3,29654,Business,Default
50502,42,Self-Employed,1756956,1404671,14,564,3,60226,Home,No Default
50503,58,Salaried,1641431,944551,27,791,4,16189,Education,No Default
50504,36,Salaried,528243,1002510,20,882,3,57107,Education,No Default
50505,25,Salaried,262540,522783,22,316,2,58020,Personal,No Default
50506,54,Salaried,1596478,511185,20,488,3,4560,Education,No Default
50507,58,Self-Employed,1484947,206450,11,821,4,39559,Home,Default
50508,31,Salaried,330186,335537,21,465,3,26652,Personal,No Default
50509,22,Salaried,425319,188238,5,850,3,54266,Education,No Default
50510,45,Salaried,1762132,1467170,8,644,2,66017,Personal,No Default
50511,45,Self-Employed,1172516,903439,4,518,3,65318,Business,Default
50512,21,Unemployed,1709345,1435274,12,393,1,48299,Education,No Default
50513,51,Salaried,955672,341760,6,457,4,68548,Home,No Default
50514,25,Salaried,1444698,998275,23,333,4,38324,Home,Default
50515,60,Salaried,1293859,1247460,24,715,4,4325,Education,Default
50516,24,Self-Employed,1721730,699611,25,805,3,58109,Business,No Default
50517,25,Salaried,398657,1152602,26,789,1,20738,Personal,No Default
50518,25,Self-Employed,1224290,720389,8,823,4,79695,Home,No Default
50519,36,Salaried,1631503,1430562,4,532,0,78382,Home,No Default
50520,38,Self-Employed,1363059,325321,20,898,2,57845,Personal,No Default
50521,63,Salaried,1401637,512533,10,406,0,78955,Personal,No Default
50522,37,Unemployed,394585,469817,11,492,0,47355,Home,No Default
50523,55,Salaried,1898318,722750,15,767,4,40310,Personal,Default
50524,38,Salaried,1033124,927388,5,821,0,18425,Education,No Default
50525,24,Self-Employed,1433564,612167,3,578,0,49419,Home,No Default
50526,51,Salaried,152200,1450089,15,427,1,20232,Home,No Default
50527,51,Salaried,743895,1045725,2,640,2,77852,Home,No Default
50528,29,Unemployed,1311237,725031,2,358,3,71727,Education,No Default
50529,51,Salaried,1718850,700671,25,481,4,58582,Home,No Default
50530,25,Salaried,1331734,956560,8,885,4,54018,Personal,Default
50531,56,Salaried,695934,1199741,22,813,0,15024,Home,No Default
50532,36,Salaried,194476,886222,14,542,3,58045,Education,Default
50533,62,Self-Employed,396729,1434940,9,527,3,59548,Education,No Default
50534,61,Salaried,1745013,979353,5,859,3,15599,Business,No Default
50535,36,Salaried,1972095,170283,12,817,4,70870,Home,Default
50536,40,Salaried,609179,674077,10,854,4,77120,Education,Default
50537,50,Salaried,1286879,1262299,1,444,1,26459,Business,No Default
50538,46,Unemployed,766574,974085,24,426,4,23755,Home,No Default
50539,51,Self-Employed,1147434,1283343,19,634,4,7452,Education,No Default
50540,35,Salaried,430557,1189657,25,707,1,23223,Education,No Default
50541,61,Salaried,1770607,787023,11,420,4,75129,Home,No Default
50542,58,Unemployed,1922638,1234680,17,584,0,33361,Home,No Default
50543,58,Salaried,1906327,611065,3,541,0,79539,Business,No Default
50544,63,Salaried,1018651,261703,1,377,1,62709,Home,No Default
50545,40,Salaried,1393893,202779,17,869,1,61606,Home,No Default
50546,55,Salaried,1460109,697253,6,749,0,14215,Personal,No Default
50547,43,Self-Employed,1265386,792723,13,769,3,43174,Home,No Default
50548,64,Salaried,1811545,211692,20,480,4,31859,Education,No Default
50549,59,Unemployed,481427,702140,26,881,2,62585,Business,No Default
50550,45,Salaried,371881,611357,4,564,2,45228,Business,Default
50551,42,Salaried,1447471,571644,5,594,1,72655,Business,Default
50552,28,Unemployed,403046,502755,15,546,2,65187,Education,No Default
50553,29,Self-Employed,1416326,1343612,14,723,3,37076,Home,No Default
50554,35,Self-Employed,675063,1488486,19,358,2,72655,Education,No Default
50555,40,Salaried,488145,443149,15,757,0,24120,Personal,No Default
50556,55,Self-Employed,800046,160549,12,310,1,68101,Business,No Default
50557,57,Salaried,1270490,1218673,18,646,2,63035,Home,No Default
50558,23,Salaried,1852517,919298,14,304,4,42407,Home,No Default
50559,54,Salaried,734685,298968,10,669,1,14090,Business,No Default
50560,54,Salaried,543090,1157913,8,757,3,76528,Personal,No Default
50561,56,Self-Employed,1280743,575833,27,544,0,52430,Personal,No Default
50562,55,Self-Employed,316819,1229443,23,548,2,30206,Home,No Default
50563,29,Salaried,427406,1275260,26,734,0,47701,Education,No Default
50564,50,Salaried,1365853,289039,29,719,3,25575,Business,No Default
50565,46,Self-Employed,445059,1195056,4,404,2,72620,Education,No Default
50566,32,Salaried,646353,1083601,18,541,1,54656,Home,No Default
50567,44,Salaried,1983852,785660,28,571,1,31300,Business,No Default
50568,61,Salaried,837077,107872,25,818,4,16062,Personal,No Default
50569,39,Salaried,608896,1164237,8,343,3,45485,Personal,No Default
50570,64,Unemployed,971135,733792,4,325,2,12621,Personal,No Default
50571,36,Salaried,485179,974146,11,480,0,64258,Home,No Default
50572,46,Salaried,1027591,495626,5,727,0,24901,Personal,Default
50573,43,Self-Employed,1940690,222685,10,567,2,41673,Business,No Default
50574,53,Salaried,748944,671939,6,879,3,15634,Business,No Default
50575,62,Unemployed,1449449,701401,29,450,3,29736,Business,No Default
50576,50,Salaried,1006880,140061,4,899,0,67912,Business,No Default
50577,43,Self-Employed,1252084,419380,18,394,2,42910,Personal,Default
50578,30,Salaried,552676,1008225,21,681,2,52256,Business,No Default
50579,56,Salaried,225300,730226,27,814,0,57898,Home,No Default
50580,51,Salaried,419542,1175295,17,727,2,77875,Business,Default
50581,63,Salaried,116468,716291,7,724,2,60957,Personal,No Default
50582,42,Self-Employed,1138168,723437,9,498,1,40010,Personal,No Default
50583,63,Salaried,1631859,1333839,3,307,1,70383,Education,No Default
50584,63,Salaried,172620,497012,22,626,4,13659,Business,No Default
50585,58,Salaried,143848,1124471,9,893,4,75750,Personal,Default
50586,22,Self-Employed,1652975,249429,27,320,3,41430,Education,No Default
50587,43,Self-Employed,1298811,1413534,4,845,1,54500,Home,No Default
50588,55,Salaried,958023,671560,22,554,1,11110,Business,Default
50589,57,Salaried,430349,654578,19,732,1,77707,Personal,Default
50590,52,Salaried,1226140,1409513,9,804,1,35144,Personal,No Default
50591,63,Salaried,690832,656042,23,326,3,41202,Business,No Default
50592,32,Salaried,151516,1415066,23,819,0,27826,Education,Default
50593,55,Salaried,115523,837827,20,829,3,44156,Business,Default
50594,61,Unemployed,221456,53961,6,799,0,28246,Home,No Default
50595,23,Self-Employed,1062811,1133958,27,532,4,26004,Home,No Default
50596,54,Salaried,1412919,818717,11,695,1,46100,Business,Default
50597,58,Salaried,601071,1449510,24,606,0,13544,Education,No Default
50598,44,Unemployed,346669,854360,15,809,3,13102,Home,Default
50599,58,Salaried,1053711,284601,22,723,0,67491,Business,No Default
50600,37,Salaried,1645978,261310,6,449,2,24869,Education,No Default
50601,60,Unemployed,1364481,141892,20,691,4,31541,Education,No Default
50602,21,Salaried,694519,189058,24,789,4,20150,Personal,No Default
50603,28,Salaried,101006,863158,10,346,1,12556,Home,No Default
50604,35,Salaried,369258,1087074,24,611,1,30552,Business,Default
50605,45,Salaried,995980,1342612,25,438,3,54396,Home,No Default
50606,28,Salaried,850691,652484,22,704,0,13463,Education,No Default
50607,52,Salaried,1385504,384714,18,313,2,46623,Personal,Default
50608,33,Salaried,882638,501616,16,818,4,32560,Home,Default
50609,35,Unemployed,1031531,638907,4,850,0,16410,Business,No Default
50610,26,Salaried,461672,289013,20,484,2,60119,Home,Default
50611,53,Salaried,587206,1207040,13,414,0,18351,Education,No Default
50612,27,Salaried,359074,444420,24,409,1,36388,Personal,Default
50613,53,Salaried,1513519,551632,5,876,4,16968,Home,No Default
50614,49,Self-Employed,702265,356243,20,580,2,76259,Education,No Default
50615,58,Salaried,1141398,438998,24,842,1,42596,Education,No Default
50616,57,Salaried,261261,356523,29,385,3,61257,Personal,No Default
50617,64,Salaried,100181,368436,19,437,3,51544,Education,No Default
50618,52,Salaried,1816748,543558,18,765,1,44581,Home,No Default
50619,23,Salaried,122716,1090371,20,376,2,38225,Business,No Default
50620,40,Salaried,1013427,961044,27,436,2,4363,Personal,No Default
50621,34,Salaried,1923570,793206,17,396,4,29436,Education,Default
50622,48,Unemployed,140218,189295,16,830,1,35085,Home,No Default
50623,58,Self-Employed,594465,528110,1,308,3,24921,Personal,No Default
50624,24,Self-Employed,650921,998843,21,382,1,10896,Education,No Default
50625,35,Self-Employed,1945947,114590,29,346,0,15785,Home,No Default
50626,37,Self-Employed,1945080,323666,27,811,2,60385,Education,Default
50627,57,Unemployed,1127602,151872,1,729,0,55805,Home,No Default
50628,44,Salaried,305454,602302,20,389,3,41653,Education,No Default
50629,58,Salaried,1086726,1221470,24,812,2,45469,Personal,Default
50630,62,Self-Employed,457678,94082,14,713,3,33903,Personal,No Default
50631,61,Salaried,1396624,1041338,24,812,3,71542,Personal,No Default
50632,56,Salaried,1306423,102945,2,376,3,79538,Education,No Default
50633,61,Salaried,709039,508953,15,380,4,49670,Education,No Default
50634,28,Salaried,1635312,123492,29,853,3,53279,Personal,No Default
50635,23,Salaried,1126235,712745,3,501,3,15950,Personal,No Default
50636,50,Salaried,1405039,900984,13,746,0,31763,Business,No Default
50637,42,Salaried,807760,514759,19,406,0,53901,Home,No Default
50638,53,Self-Employed,918051,1002066,1,591,0,59587,Business,Default
50639,45,Self-Employed,1802593,903376,13,611,2,26584,Home,No Default
50640,50,Self-Employed,1256272,1425946,15,898,4,50284,Education,No Default
50641,57,Self-Employed,260624,103583,16,816,2,22038,Home,No Default
50642,23,Salaried,1650750,778674,11,898,4,49567,Home,No Default
50643,24,Salaried,162017,1206756,3,725,4,62037,Education,No Default
50644,49,Salaried,1042389,1170458,8,714,1,44283,Education,Default
50645,52,Unemployed,1100449,164173,6,434,1,40207,Education,No Default
50646,43,Salaried,825308,548864,5,818,1,45256,Personal,No Default
50647,39,Self-Employed,613806,66448,26,663,4,51148,Personal,No Default
50648,35,Salaried,670363,824696,28,683,4,53522,Home,Default
50649,36,Unemployed,1615887,1020975,15,331,2,37371,Education,No Default
50650,43,Salaried,1284298,1003922,9,839,4,7747,Personal,Default
50651,60,Self-Employed,1880316,1113291,23,786,3,25949,Education,No Default
50652,57,Salaried,1559425,600185,22,664,3,52403,Home,No Default
50653,21,Salaried,1512007,1252346,5,563,4,4966,Personal,No Default
50654,39,Salaried,1185919,615860,21,441,3,46088,Personal,No Default
50655,57,Unemployed,1929844,1392271,10,329,4,75107,Business,No Default
50656,55,Salaried,1899965,673979,25,429,1,21391,Home,No Default
50657,50,Unemployed,881374,77442,29,369,4,58965,Personal,No Default
50658,37,Self-Employed,1827767,207768,26,418,1,41974,Home,No Default
50659,59,Self-Employed,1665611,138399,6,626,0,22581,Home,Default
50660,46,Salaried,1840813,1103339,28,369,3,47272,Education,No Default
50661,33,Salaried,1193773,409878,11,507,0,6025,Home,No Default
50662,42,Salaried,816395,1446749,4,390,3,39025,Business,Default
50663,43,Unemployed,812481,1131095,20,419,0,49390,Personal,No Default
50664,64,Unemployed,346349,717380,12,506,4,71489,Home,No Default
50665,63,Self-Employed,1412502,210817,20,705,0,20678,Home,No Default
50666,53,Salaried,1103992,343050,27,846,3,8317,Education,No Default
50667,47,Salaried,1637547,479112,6,423,2,38235,Education,No Default
50668,55,Unemployed,1152988,61297,1,411,3,64348,Business,No Default
50669,32,Salaried,1112156,965428,25,506,2,69007,Home,No Default
50670,29,Self-Employed,421831,104183,18,685,4,72649,Home,No Default
50671,54,Salaried,737331,502978,2,446,3,33507,Home,No Default
50672,34,Salaried,1982863,244645,5,431,0,64784,Home,No Default
50673,57,Self-Employed,1244745,1359096,16,403,4,55223,Personal,No Default
50674,23,Salaried,1884070,787153,12,852,3,9739,Home,No Default
50675,64,Salaried,944622,285374,12,867,4,68684,Home,No Default
50676,64,Unemployed,1290264,815033,11,541,2,26616,Personal,No Default
50677,41,Self-Employed,1710312,1319247,20,630,4,67283,Education,No Default
50678,27,Self-Employed,1082083,1207394,19,448,0,17545,Business,No Default
50679,53,Self-Employed,747966,963665,21,468,3,42176,Home,No Default
50680,55,Salaried,1947109,1402642,7,856,2,13602,Personal,No Default
50681,31,Salaried,1513851,1097054,26,383,4,58413,Home,No Default
50682,52,Salaried,989803,879261,2,819,1,78694,Education,No Default
50683,42,Salaried,700110,202935,29,406,2,64526,Personal,No Default
50684,62,Salaried,1856217,868769,29,564,2,25047,Personal,No Default
50685,39,Self-Employed,1017397,1460677,6,330,0,38564,Personal,Default
50686,56,Salaried,150465,992192,4,846,0,70983,Home,No Default
50687,57,Self-Employed,1421790,57974,2,546,4,10276,Education,No Default
50688,31,Salaried,1597490,1239139,17,829,1,79146,Business,No Default
50689,61,Salaried,223927,838736,8,323,2,14737,Personal,Default
50690,33,Salaried,1207007,925272,5,797,4,6457,Home,Default
50691,48,Self-Employed,533918,847930,10,603,1,56522,Business,No Default
50692,35,Salaried,408883,1223157,16,697,4,13151,Personal,No Default
50693,33,Salaried,933139,1233462,2,702,2,77958,Home,No Default
50694,63,Self-Employed,1078529,667043,24,615,4,12915,Business,No Default
50695,53,Salaried,646030,1128501,19,577,0,70175,Business,Default
50696,28,Salaried,1968058,242296,7,841,0,27606,Personal,No Default
50697,52,Unemployed,1975385,390189,2,442,3,15698,Home,No Default
50698,57,Salaried,295883,218878,13,709,1,52082,Business,No Default
50699,24,Salaried,341216,1325510,23,655,2,15681,Education,No Default
50700,38,Salaried,1657878,1004053,4,823,1,65011,Education,No Default
50701,43,Salaried,364877,609014,16,502,0,15050,Business,No Default
50702,49,Salaried,1349251,100448,10,549,2,49182,Personal,Default
50703,22,Salaried,184277,1006613,17,402,3,73438,Personal,No Default
50704,33,Salaried,767370,1424335,21,767,0,22193,Personal,No Default
50705,36,Salaried,1315654,1481131,28,334,0,77321,Business,No Default
50706,28,Salaried,1355148,845656,14,623,1,17017,Personal,No Default
50707,39,Salaried,1570445,398386,12,831,4,76848,Personal,No Default
50708,52,Salaried,1406630,228115,13,858,1,28257,Education,No Default
50709,23,Self-Employed,386517,524127,20,895,0,3924,Home,No Default
50710,52,Salaried,1811146,998438,8,567,1,4440,Education,No Default
50711,61,Self-Employed,428467,856044,17,352,4,63907,Business,Default
50712,41,Salaried,1000435,919827,18,317,3,38210,Education,No Default
50713,45,Salaried,357176,175245,21,403,2,66904,Home,No Default
50714,37,Salaried,115060,1214199,10,451,0,32737,Education,No Default
50715,45,Self-Employed,1718120,93927,26,713,1,60510,Personal,No Default
50716,53,Salaried,1110558,72073,28,383,0,73118,Home,No Default
50717,51,Salaried,1392954,1359069,13,607,2,67018,Business,No Default
50718,56,Salaried,820603,437661,2,450,1,10354,Education,Default
50719,43,Salaried,1563960,660545,27,848,3,72183,Education,No Default
50720,64,Salaried,1644739,711932,17,678,2,51019,Personal,No Default
50721,45,Salaried,1988481,447166,6,757,4,44043,Home,No Default
50722,64,Salaried,1832417,1445298,12,652,4,15539,Personal,Default
50723,50,Self-Employed,186648,1022805,29,675,0,45575,Education,No Default
50724,33,Salaried,1938418,745613,13,507,4,12985,Education,No Default
50725,63,Salaried,1051630,790563,28,861,1,16419,Home,No Default
50726,49,Salaried,715604,470947,26,759,4,78840,Education,No Default
50727,36,Salaried,1782964,97813,4,703,3,49640,Home,No Default
50728,58,Salaried,438865,1025207,15,858,1,47437,Business,No Default
50729,47,Salaried,1491887,299212,16,829,0,42028,Education,Default
50730,46,Salaried,536417,176491,21,784,0,27814,Home,No Default
50731,31,Salaried,510137,484076,19,421,4,30552,Home,No Default
50732,57,Salaried,1766987,72013,15,419,4,77992,Personal,Default
50733,23,Salaried,1988028,53244,26,550,0,48453,Education,No Default
50734,46,Salaried,1185920,270179,6,598,1,41724,Personal,Default
50735,54,Salaried,492289,807689,20,346,2,50576,Home,No Default
50736,53,Salaried,1300557,1293088,29,896,0,31317,Business,Default
50737,35,Salaried,513183,260485,6,598,3,12159,Business,No Default
50738,22,Unemployed,763258,1119164,29,818,1,67742,Education,No Default
50739,48,Salaried,805862,374326,5,544,2,37590,Business,No Default
50740,40,Salaried,797264,764047,27,517,2,27409,Education,No Default
50741,58,Self-Employed,1016366,241795,2,643,1,22705,Education,No Default
50742,64,Salaried,1136048,430644,20,613,0,61201,Home,No Default
50743,36,Unemployed,966184,1336954,2,589,2,57985,Home,No Default
50744,24,Self-Employed,755308,728998,5,496,3,66898,Home,No Default
50745,28,Self-Employed,257471,1492019,3,877,1,39379,Personal,No Default
50746,64,Unemployed,872673,1431203,6,715,4,42902,Home,No Default
50747,40,Salaried,914906,591499,11,605,0,49635,Education,No Default
50748,46,Salaried,488511,1440150,5,777,1,5719,Home,Default
50749,52,Self-Employed,1619726,1370937,18,835,3,47703,Personal,Default
50750,33,Salaried,1202035,1277136,14,519,2,20449,Home,No Default
50751,25,Unemployed,1260874,1334208,10,653,0,50429,Business,No Default
50752,64,Salaried,1124850,389248,27,534,0,45939,Education,No Default
50753,62,Salaried,905741,1387634,24,605,1,15301,Business,No Default
50754,33,Unemployed,1112698,731064,22,409,1,55897,Business,No Default
50755,61,Salaried,1321603,987436,25,613,3,66339,Personal,Default
50756,31,Self-Employed,991450,1355252,3,312,4,51089,Business,Default
50757,57,Salaried,1499837,88199,16,466,1,26569,Home,No Default
50758,52,Self-Employed,263082,986558,16,352,1,8400,Education,Default
50759,62,Unemployed,1556079,1276840,11,485,1,78419,Business,No Default
50760,38,Salaried,1957398,1364059,4,575,3,28543,Business,No Default
50761,49,Salaried,1390905,134709,11,746,2,20788,Education,No Default
50762,35,Salaried,370685,896966,8,651,4,28412,Home,Default
50763,40,Self-Employed,248993,227027,16,309,3,42303,Business,Default
50764,64,Self-Employed,143937,1191180,23,709,1,73676,Education,Default
50765,56,Salaried,807240,106670,8,446,2,24542,Home,No Default
50766,25,Salaried,926581,636033,9,776,1,58764,Home,No Default
50767,60,Self-Employed,546714,1379766,14,727,3,59091,Home,No Default
50768,57,Self-Employed,1085406,1367807,8,787,0,55335,Personal,No Default
50769,53,Salaried,703318,1224617,24,829,1,13658,Home,No Default
50770,38,Salaried,401940,90711,16,676,2,49089,Home,Default
50771,39,Self-Employed,1847132,298786,22,411,4,16410,Education,No Default
50772,52,Salaried,614772,1200236,27,883,0,43280,Personal,No Default
50773,62,Unemployed,754462,537082,2,514,1,29881,Home,No Default
50774,42,Salaried,1136067,1010820,28,809,1,57925,Business,No Default
50775,61,Self-Employed,293831,807637,23,810,2,73457,Personal,No Default
50776,21,Salaried,1880758,783916,20,888,0,63168,Education,Default
50777,45,Unemployed,1809977,447687,19,325,0,2331,Personal,No Default
50778,40,Salaried,185521,1125698,20,492,0,35084,Business,No Default
50779,55,Salaried,497390,1355211,20,402,1,71087,Personal,No Default
50780,26,Salaried,751809,642947,19,504,0,40866,Business,No Default
50781,26,Self-Employed,1211509,1437589,25,710,1,62252,Home,No Default
50782,57,Salaried,1182267,1150035,19,350,1,9792,Home,No Default
50783,23,Salaried,477450,1399491,18,430,0,30892,Personal,No Default
50784,57,Salaried,1529808,1130612,13,642,3,27938,Personal,Default
50785,51,Salaried,1410143,105087,17,877,4,48978,Education,Default
50786,55,Salaried,1766238,216950,27,699,4,44692,Education,No Default
50787,35,Salaried,1151879,979292,1,501,3,75110,Business,No Default
50788,37,Salaried,1457373,758289,21,599,0,22957,Home,No Default
50789,35,Self-Employed,1044681,470345,28,445,1,16111,Personal,No Default
50790,25,Self-Employed,862903,1293517,28,761,2,33767,Home,No Default
50791,42,Unemployed,372034,718072,5,803,3,79746,Personal,Default
50792,31,Salaried,1629292,1383023,28,450,4,49986,Business,No Default
50793,48,Self-Employed,782166,1145091,25,615,4,3209,Home,No Default
50794,34,Salaried,697424,197076,20,498,1,18553,Education,No Default
50795,59,Salaried,1109484,1446418,21,728,4,33736,Business,No Default
50796,23,Salaried,1700094,405917,13,602,4,17023,Home,No Default
50797,62,Salaried,1386074,126025,6,797,1,21819,Business,No Default
50798,31,Salaried,1951474,132099,29,404,0,69413,Personal,No Default
50799,50,Salaried,1296124,240128,10,309,4,22436,Home,No Default
50800,58,Salaried,590773,238444,23,326,0,70784,Home,Default
50801,25,Salaried,1962740,754165,9,626,2,55025,Home,Default
50802,42,Salaried,1409244,1059649,29,794,0,77919,Education,No Default
50803,33,Salaried,762735,414167,6,426,1,10714,Business,No Default
50804,64,Salaried,632125,433162,1,415,1,38320,Education,No Default
50805,41,Salaried,1958116,689030,24,470,1,34235,Education,No Default
50806,57,Salaried,1659528,531793,18,511,4,70242,Business,No Default
50807,45,Salaried,904283,862441,25,488,3,34668,Business,Default
50808,41,Salaried,1437320,1483406,27,789,4,70068,Home,No Default
50809,48,Self-Employed,1407397,160138,23,686,0,51973,Home,No Default
50810,61,Salaried,1950196,1217447,7,429,2,38276,Business,No Default
50811,24,Salaried,144777,593966,26,322,2,51346,Home,No Default
50812,49,Self-Employed,1495338,587657,10,478,2,18849,Personal,No Default
50813,55,Salaried,829879,478735,12,700,2,37793,Home,Default
50814,43,Salaried,591995,799105,21,804,3,59297,Business,No Default
50815,27,Salaried,1026199,411172,24,710,2,50287,Education,No Default
50816,29,Salaried,1932782,1304553,26,831,4,4537,Business,Default
50817,43,Salaried,362374,1336001,15,628,2,34867,Business,No Default
50818,23,Self-Employed,1122829,1082041,17,770,1,10307,Education,No Default
50819,29,Salaried,601298,141006,3,719,0,31051,Personal,No Default
50820,24,Salaried,257422,1182995,25,711,4,56866,Home,Default
50821,45,Salaried,1356466,666874,15,328,3,29447,Personal,No Default
50822,26,Self-Employed,876881,965573,1,544,4,12302,Education,Default
50823,38,Self-Employed,775714,1218381,11,843,1,73811,Personal,No Default
50824,27,Salaried,1373986,1019283,24,359,2,69438,Education,No Default
50825,55,Salaried,1923462,652362,6,438,2,37791,Business,No Default
50826,51,Salaried,280607,555573,28,656,3,15739,Personal,No Default
50827,58,Salaried,111355,157665,29,511,0,57214,Home,No Default
50828,52,Salaried,864265,876257,16,438,2,41286,Home,No Default
50829,55,Salaried,1821080,762377,26,667,3,39707,Education,No Default
50830,48,Unemployed,1743643,1141903,21,785,2,66790,Business,No Default
50831,64,Salaried,1496592,119830,12,792,4,9139,Personal,No Default
50832,25,Salaried,1722958,1403144,22,635,3,30967,Personal,No Default
50833,50,Salaried,1265959,1472394,27,477,3,30786,Education,No Default
50834,42,Salaried,1945602,1182226,21,812,3,16828,Personal,No Default
50835,37,Salaried,1363715,516901,15,412,2,9224,Home,Default
50836,30,Self-Employed,1270138,1276894,25,582,3,54078,Home,No Default
50837,27,Salaried,847111,542643,18,415,4,46173,Personal,No Default
50838,24,Unemployed,858060,466793,10,843,0,41630,Personal,Default
50839,62,Salaried,1820928,737535,22,340,0,33371,Business,No Default
50840,47,Salaried,1899995,1293257,12,466,1,78394,Business,Default
50841,27,Salaried,1772049,164952,20,520,4,36594,Personal,No Default
50842,43,Self-Employed,1093482,425814,19,612,4,50205,Personal,No Default
50843,31,Salaried,946868,1444669,28,645,3,35793,Education,No Default
50844,28,Salaried,1273615,548394,5,770,1,68321,Business,No Default
50845,28,Salaried,189236,1157163,18,430,4,52952,Personal,No Default
50846,57,Unemployed,667676,1495558,19,347,4,33114,Education,No Default
50847,25,Salaried,914009,1074395,23,433,4,29865,Business,No Default
50848,27,Salaried,1817430,1400544,12,818,2,7186,Education,Default
50849,42,Salaried,186811,862488,1,855,4,74772,Personal,No Default
50850,56,Salaried,663536,1106875,2,616,2,59704,Home,No Default
50851,22,Salaried,189425,872763,3,737,4,41369,Home,No Default
50852,44,Salaried,1314410,439755,26,734,0,54549,Home,Default
50853,22,Self-Employed,443853,1390324,29,385,2,35994,Home,No Default
50854,32,Salaried,1526731,1497827,12,347,2,70176,Personal,No Default
50855,62,Self-Employed,1352952,507736,14,789,3,38417,Home,No Default
50856,46,Self-Employed,1095549,1093822,7,723,4,63700,Home,No Default
50857,58,Salaried,232083,647783,4,686,1,66276,Personal,Default
50858,26,Salaried,844183,577484,12,539,1,40405,Business,No Default
50859,43,Self-Employed,328760,886769,24,750,1,37971,Business,No Default
50860,22,Salaried,1624400,611187,8,557,1,77528,Business,No Default
50861,46,Salaried,1447556,986963,1,343,0,62740,Education,No Default
50862,34,Self-Employed,1472277,247020,5,467,1,9293,Business,No Default
50863,38,Salaried,1079117,1191846,1,490,3,44376,Personal,No Default
50864,58,Self-Employed,879482,1175263,15,861,1,66314,Business,No Default
50865,52,Salaried,201751,1266263,13,575,3,26234,Education,Default
50866,34,Salaried,910713,452010,29,668,2,59679,Education,No Default
50867,50,Salaried,196574,860790,23,605,4,24322,Home,No Default
50868,33,Self-Employed,1557740,799739,13,404,1,74483,Personal,No Default
50869,60,Salaried,241308,663870,4,720,3,2843,Business,No Default
50870,51,Salaried,255531,822674,15,648,3,51145,Business,Default
50871,57,Self-Employed,688877,1416807,12,618,4,28216,Personal,No Default
50872,58,Self-Employed,583768,967460,8,719,2,64689,Personal,No Default
50873,42,Self-Employed,781160,912213,16,356,1,57714,Personal,No Default
50874,48,Salaried,1703135,788400,12,539,3,51916,Personal,No Default
50875,39,Self-Employed,1505877,127895,24,726,1,45299,Personal,No Default
50876,63,Salaried,1283826,1023762,25,876,0,66723,Personal,No Default
50877,36,Salaried,197984,1209547,27,439,3,9403,Personal,No Default
50878,25,Unemployed,768636,1367413,6,361,2,23013,Education,No Default
50879,64,Salaried,770188,1398391,23,451,4,60436,Home,No Default
50880,22,Salaried,1154725,607111,15,429,3,3604,Business,No Default
50881,30,Salaried,455008,391094,7,730,0,44229,Education,No Default
50882,39,Self-Employed,1101176,762724,5,739,4,14862,Education,No Default
50883,40,Salaried,1046522,302113,23,511,2,13594,Business,No Default
50884,49,Salaried,1988789,1179162,15,699,1,74042,Education,Default
50885,45,Salaried,1048880,330522,25,840,1,70326,Personal,No Default
50886,37,Salaried,1613244,67218,28,481,3,61856,Education,No Default
50887,33,Self-Employed,1022050,824331,12,350,4,52404,Business,No Default
50888,36,Salaried,1995568,1333222,11,825,0,38709,Home,No Default
50889,55,Self-Employed,1032865,457742,4,649,0,79950,Business,No Default
50890,56,Self-Employed,1741759,1460525,13,357,2,27233,Home,Default
50891,59,Salaried,940597,131089,18,718,4,51009,Personal,Default
50892,23,Salaried,177670,398752,8,436,4,23617,Education,No Default
50893,29,Salaried,340864,250744,7,336,1,61944,Business,No Default
50894,60,Self-Employed,1374809,982209,22,793,2,73328,Business,No Default
50895,49,Salaried,402516,721763,23,658,2,34723,Home,No Default
50896,25,Salaried,792142,1378136,28,384,2,50465,Education,No Default
50897,23,Salaried,1280547,616072,16,838,4,45415,Business,Default
50898,30,Salaried,1116997,162251,3,643,1,30618,Business,No Default
50899,51,Self-Employed,196628,1314842,22,470,2,21622,Education,No Default
50900,31,Self-Employed,198956,1161952,26,319,1,58852,Personal,No Default
50901,37,Salaried,1795548,78369,16,602,2,40052,Home,No Default
50902,60,Self-Employed,622746,1276769,16,496,4,70225,Business,Default
50903,61,Self-Employed,1280630,575035,7,626,1,16899,Education,No Default
50904,28,Salaried,1247455,1015913,23,875,3,8954,Personal,No Default
50905,22,Salaried,698348,774443,13,855,2,33089,Business,No Default
50906,24,Self-Employed,694131,1065751,13,311,4,65015,Personal,Default
50907,36,Self-Employed,827649,396862,21,660,1,41818,Business,No Default
50908,61,Salaried,1847109,765382,19,595,0,50848,Business,No Default
50909,61,Salaried,1519389,379703,18,702,4,44150,Personal,No Default
50910,41,Self-Employed,1114940,124128,29,737,4,75406,Home,No Default
50911,25,Salaried,533724,375913,7,674,0,52806,Personal,No Default
50912,55,Self-Employed,576191,660640,20,799,0,72289,Education,No Default
50913,34,Unemployed,925226,600787,18,725,3,74672,Business,No Default
50914,35,Unemployed,382897,731304,29,343,3,27564,Personal,No Default
50915,26,Self-Employed,1262260,1458518,24,408,3,46505,Personal,Default
50916,36,Salaried,1086635,1272928,18,397,4,51149,Business,No Default
50917,43,Self-Employed,651526,938060,22,744,4,67657,Business,Default
50918,51,Salaried,708531,433995,4,380,4,54347,Personal,No Default
50919,62,Self-Employed,670374,985765,9,517,3,69750,Home,No Default
50920,32,Salaried,127639,224719,21,448,1,54143,Business,No Default
50921,61,Salaried,572518,1419461,16,375,4,61022,Personal,No Default
50922,39,Salaried,1346337,545195,4,891,4,36837,Education,Default
50923,32,Self-Employed,742346,453327,8,863,4,56547,Home,No Default
50924,33,Salaried,1861376,153837,3,362,3,12076,Education,Default
50925,22,Salaried,313268,1287577,29,895,2,79784,Business,Default
50926,40,Self-Employed,1579964,715073,9,693,3,3962,Business,Default
50927,51,Self-Employed,1929663,808839,8,802,2,22407,Home,No Default
50928,29,Salaried,1579852,714373,12,666,3,73978,Business,No Default
50929,41,Salaried,1107947,1101669,14,777,1,57572,Education,No Default
50930,28,Salaried,1519468,1017513,28,554,1,49919,Personal,No Default
50931,59,Self-Employed,677638,410201,24,358,4,20703,Personal,No Default
50932,57,Unemployed,1749643,1256529,10,819,3,54391,Education,Default
50933,49,Self-Employed,1201424,286994,21,688,2,7555,Education,No Default
50934,39,Salaried,1784410,736127,17,887,2,3892,Business,No Default
50935,55,Salaried,1781767,1132569,11,725,1,41175,Business,No Default
50936,58,Unemployed,1757986,524763,10,889,4,78025,Home,No Default
50937,46,Salaried,1330886,1271261,13,801,2,48541,Personal,No Default
50938,31,Salaried,1951698,1304715,25,823,3,49542,Home,No Default
50939,56,Salaried,1788435,1360245,2,579,4,54990,Education,No Default
50940,55,Self-Employed,1548455,292862,1,344,3,69025,Education,No Default
50941,24,Self-Employed,606733,485238,22,864,3,28628,Home,Default
50942,23,Salaried,892621,351034,1,480,1,38777,Home,Default
50943,32,Self-Employed,1562465,1283328,16,700,3,69357,Personal,No Default
50944,52,Salaried,496805,1076532,10,673,0,44846,Education,No Default
50945,46,Salaried,1066511,256408,26,533,4,61176,Home,No Default
50946,63,Salaried,1774809,1345417,29,485,0,78594,Personal,No Default
50947,63,Salaried,1057608,875839,10,374,3,76424,Business,No Default
50948,33,Salaried,443161,859834,7,890,3,78092,Business,No Default
50949,64,Self-Employed,1013656,301865,7,532,1,52921,Personal,Default
50950,58,Salaried,1497748,732584,29,467,1,21225,Home,No Default
50951,49,Salaried,1019666,244320,1,834,1,46084,Personal,No Default
50952,39,Salaried,704398,906718,26,706,1,72899,Personal,No Default
50953,55,Salaried,254165,1374540,13,529,2,3117,Home,No Default
50954,61,Salaried,1143531,834322,5,592,1,9447,Business,No Default
50955,47,Salaried,195400,413102,3,699,3,62507,Personal,No Default
50956,51,Self-Employed,1415887,1344491,29,337,3,19196,Business,No Default
50957,23,Unemployed,1978751,1348632,13,531,4,4460,Personal,Default
50958,55,Self-Employed,905957,1313531,27,467,0,55490,Education,No Default
50959,44,Salaried,1269395,1391927,12,584,2,22103,Home,No Default
50960,27,Unemployed,514203,1301487,18,402,2,58383,Business,Default
50961,55,Salaried,1754938,567330,27,444,4,76582,Home,No Default
50962,41,Salaried,955598,842574,5,665,4,46906,Business,No Default
50963,21,Salaried,1812588,1075476,5,452,1,77976,Business,Default
50964,64,Salaried,1002516,1364475,2,721,4,71578,Home,No Default
50965,26,Self-Employed,190902,378510,6,618,2,61141,Personal,No Default
50966,59,Salaried,1260393,391373,7,784,0,51326,Personal,No Default
50967,54,Salaried,598317,318265,1,382,0,46023,Education,No Default
50968,38,Salaried,327644,1257952,3,832,2,35461,Business,No Default
50969,45,Self-Employed,1908834,98294,20,587,1,76275,Home,No Default
50970,35,Self-Employed,1332509,924426,2,788,0,7976,Business,Default
50971,52,Salaried,822763,114902,10,567,0,54449,Personal,No Default
50972,62,Self-Employed,1830200,1329294,11,378,1,6368,Home,Default
50973,38,Self-Employed,1280224,814020,21,675,0,5023,Home,No Default
50974,51,Salaried,1221375,1012762,13,896,3,76511,Business,No Default
50975,49,Salaried,1916471,1351665,16,891,2,63891,Education,No Default
50976,35,Salaried,628052,1475869,20,450,0,49664,Personal,No Default
50977,43,Salaried,946319,932513,11,314,0,52680,Personal,No Default
50978,58,Self-Employed,1304585,1478399,18,400,1,51245,Business,No Default
50979,61,Salaried,1050728,132435,11,687,0,11522,Business,Default
50980,31,Salaried,1898272,514623,1,334,1,44721,Education,No Default
50981,35,Self-Employed,1594505,292893,24,650,2,41428,Personal,No Default
50982,43,Salaried,1446598,465050,18,582,3,16176,Education,No Default
50983,23,Salaried,1791081,267831,20,824,4,21126,Home,No Default
50984,39,Salaried,268747,341690,28,464,2,3096,Home,No Default
50985,21,Salaried,1410698,138410,26,727,0,31840,Education,No Default
50986,44,Salaried,1874440,495599,5,557,3,56155,Education,No Default
50987,31,Unemployed,1239037,315840,2,742,4,48743,Business,Default
50988,50,Salaried,586020,1151021,26,419,4,20487,Personal,No Default
50989,31,Self-Employed,1162778,925353,25,368,0,72265,Personal,No Default
50990,59,Salaried,1562723,1428272,18,573,4,51277,Personal,No Default
50991,21,Salaried,693907,898849,22,859,4,66086,Education,No Default
50992,32,Unemployed,1820428,1139702,7,621,2,33185,Business,No Default
50993,24,Salaried,812263,83743,22,661,2,49893,Business,No Default
50994,45,Self-Employed,1477487,398611,11,869,4,24381,Business,Default
50995,28,Unemployed,1607568,332472,11,889,1,50555,Education,No Default
50996,35,Salaried,1552622,574497,28,798,0,56826,Education,Default
50997,63,Salaried,934647,554575,13,503,1,71710,Business,No Default
50998,50,Self-Employed,582702,59800,4,805,1,13764,Education,No Default
50999,60,Self-Employed,1908049,115749,1,408,4,60132,Home,No Default
51000,52,Salaried,1175193,399961,18,564,0,23882,Personal,No Default
51001,64,Salaried,965541,864439,12,687,1,41175,Personal,No Default
51002,55,Salaried,1990881,874982,26,715,2,37120,Personal,No Default
51003,41,Salaried,1933284,1007674,28,867,2,8883,Home,Default
51004,51,Self-Employed,1918994,702684,10,611,0,71756,Business,No Default
51005,56,Salaried,1072710,377983,28,551,1,30293,Personal,No Default
51006,47,Salaried,1044232,273019,22,883,3,26656,Education,No Default
51007,64,Salaried,214785,926526,8,687,3,44604,Home,No Default
51008,28,Salaried,547974,1148588,3,502,0,67710,Business,No Default
51009,43,Salaried,1537791,1315615,7,409,0,43307,Home,No Default
51010,43,Salaried,929340,1018511,25,381,3,12104,Personal,No Default
51011,62,Salaried,665212,671777,20,895,1,27966,Business,No Default
51012,53,Salaried,1698935,1309039,11,492,1,52710,Personal,No Default
51013,33,Salaried,1093325,412825,7,438,4,19822,Business,No Default
51014,59,Salaried,586265,833585,7,520,0,4925,Personal,No Default
51015,55,Self-Employed,569022,1124902,29,488,1,74522,Business,No Default
51016,36,Self-Employed,1167415,1414531,28,639,3,6819,Home,No Default
51017,32,Salaried,513046,775171,26,777,3,7371,Business,No Default
51018,51,Salaried,535581,103537,9,721,2,72239,Business,Default
51019,25,Self-Employed,1885742,632117,3,496,1,13984,Home,No Default
51020,60,Salaried,727403,1040315,11,885,4,11280,Business,No Default
51021,64,Unemployed,959795,589773,17,497,4,2292,Home,No Default
51022,45,Unemployed,741667,751473,8,623,0,72979,Personal,No Default
51023,41,Salaried,1913177,1237253,20,559,2,11182,Personal,No Default
51024,23,Salaried,477804,673891,2,498,3,46362,Personal,No Default
51025,30,Salaried,1831260,1179965,21,436,3,4576,Business,No Default
51026,43,Salaried,1436808,730117,20,645,0,2819,Education,No Default
51027,37,Unemployed,468254,1484862,1,799,4,46450,Education,No Default
51028,62,Unemployed,692747,94865,16,474,4,65399,Personal,No Default
51029,55,Salaried,727593,1161387,28,788,3,54772,Home,Default
51030,45,Salaried,838088,58337,23,768,0,26313,Business,Default
51031,22,Salaried,205780,1333115,4,615,1,74248,Home,No Default
51032,47,Salaried,571638,1176246,24,679,2,16857,Business,No Default
51033,29,Salaried,1735270,1493631,9,741,4,29083,Home,No Default
51034,24,Unemployed,196888,283970,8,432,4,29565,Personal,No Default
51035,46,Salaried,597483,1393234,1,326,4,7751,Education,No Default
51036,52,Salaried,1711567,808290,8,556,1,31285,Home,No Default
51037,49,Salaried,1213998,1045030,5,862,1,73150,Personal,No Default
51038,42,Salaried,1693478,446156,1,655,2,39402,Education,No Default
51039,33,Salaried,456550,1291053,25,535,4,5207,Education,No Default
51040,43,Salaried,1296714,778294,25,658,3,4656,Education,No Default
51041,51,Salaried,1323939,1100628,7,570,4,19634,Home,No Default
51042,61,Self-Employed,919323,975911,15,848,2,44772,Home,No Default
51043,56,Salaried,927314,286355,7,809,2,28418,Education,No Default
51044,60,Salaried,1051878,772531,27,738,3,34720,Home,No Default
51045,51,Self-Employed,1712157,958458,1,887,1,39907,Personal,No Default
51046,35,Self-Employed,710874,195344,9,770,3,74103,Business,No Default
51047,34,Salaried,312076,322635,1,610,2,5460,Education,No Default
51048,55,Salaried,1794760,913912,29,516,3,62041,Business,No Default
51049,44,Self-Employed,1403996,432885,12,611,4,37282,Education,No Default
51050,50,Salaried,1823165,480988,7,529,2,39052,Business,No Default
51051,50,Salaried,168474,989644,25,639,1,32312,Education,No Default
51052,47,Salaried,621361,122981,9,794,1,7504,Personal,No Default
51053,60,Salaried,1263037,1393772,5,463,3,19048,Education,No Default
51054,34,Salaried,1584678,1228248,12,415,3,66783,Personal,No Default
51055,31,Salaried,1031379,515987,29,370,3,31100,Education,Default
51056,64,Self-Employed,1531727,976823,22,352,4,4632,Home,No Default
51057,46,Self-Employed,1211318,1026117,2,896,1,50699,Business,No Default
51058,41,Unemployed,725019,473588,18,641,2,70601,Personal,No Default
51059,29,Salaried,1763140,121871,26,887,2,48046,Education,Default
51060,21,Salaried,703974,537106,9,631,1,29694,Home,No Default
51061,64,Self-Employed,1813637,624083,29,378,3,19343,Education,No Default
51062,26,Salaried,878204,696287,1,406,0,17406,Business,Default
51063,21,Salaried,1853057,667178,10,381,3,36775,Education,No Default
51064,42,Salaried,1958299,938673,28,501,1,64240,Home,Default
51065,33,Salaried,588038,1168919,28,691,4,35489,Education,No Default
51066,58,Salaried,910548,982454,14,529,3,75236,Education,Default
51067,61,Salaried,1416606,1432592,21,319,2,36022,Personal,No Default
51068,60,Unemployed,1686536,187596,14,622,4,69881,Personal,No Default
51069,51,Salaried,1163084,1050449,7,767,1,36429,Education,No Default
51070,35,Unemployed,456348,874922,12,609,0,15170,Education,No Default
51071,22,Self-Employed,1782170,480082,26,771,3,72954,Home,No Default
51072,51,Salaried,1354576,1090207,22,891,4,19475,Education,No Default
51073,46,Self-Employed,269008,780560,22,373,4,29296,Business,Default
51074,22,Self-Employed,365425,930191,6,735,2,24123,Personal,No Default
51075,31,Salaried,343447,1128406,13,761,3,8960,Business,No Default
51076,53,Salaried,1801550,129138,8,449,0,50723,Education,Default
51077,38,Salaried,1616138,978021,23,614,4,60408,Home,No Default
51078,41,Salaried,545080,1499887,21,549,2,36339,Business,No Default
51079,51,Salaried,1768250,359529,26,573,3,37783,Education,No Default
51080,46,Salaried,333099,858709,2,781,3,74542,Personal,No Default
51081,50,Salaried,1641782,663549,10,381,0,21830,Education,No Default
51082,59,Salaried,1401776,1195290,6,531,2,18625,Personal,Default
51083,41,Salaried,540875,509702,16,330,0,42106,Home,No Default
51084,36,Salaried,1002726,1332388,10,383,4,17575,Personal,No Default
51085,27,Self-Employed,1099063,1461768,15,341,1,45848,Education,No Default
51086,42,Salaried,1082470,1097253,21,550,1,74423,Home,No Default
51087,27,Self-Employed,1111548,304072,20,809,0,39903,Personal,No Default
51088,22,Salaried,1541083,628110,10,686,0,79988,Personal,No Default
51089,57,Salaried,783828,576208,11,896,1,72913,Business,Default
51090,34,Salaried,1603446,715236,21,565,4,37168,Personal,No Default
51091,28,Salaried,715753,465212,25,882,0,45878,Education,No Default
51092,49,Unemployed,988975,973923,28,321,4,75501,Home,No Default
51093,64,Salaried,944394,1369880,29,706,4,8902,Education,No Default
51094,27,Salaried,1596047,1130282,2,375,2,74545,Personal,No Default
51095,58,Salaried,1910785,1006444,22,786,4,21464,Education,No Default
51096,42,Salaried,247736,1298992,27,650,3,5534,Business,No Default
51097,64,Self-Employed,900065,1078780,25,539,1,79335,Education,No Default
51098,37,Salaried,1455057,487491,28,350,1,9791,Home,Default
51099,36,Self-Employed,1677796,490640,10,775,0,11512,Home,No Default
51100,53,Salaried,116205,218578,29,894,0,23720,Personal,No Default
51101,59,Salaried,447614,72879,21,824,2,16563,Home,No Default
51102,55,Salaried,151111,1046644,12,456,2,54255,Education,No Default
51103,58,Salaried,149541,726133,11,498,3,64694,Personal,No Default
51104,52,Self-Employed,170719,390714,22,730,0,44094,Education,No Default
51105,23,Salaried,1758651,578172,15,417,1,62504,Business,No Default
51106,23,Salaried,251816,149036,26,374,3,32622,Education,No Default
51107,28,Unemployed,495269,1313149,28,666,0,70253,Home,No Default
51108,51,Salaried,989744,606091,4,477,3,24798,Home,No Default
51109,29,Salaried,1025863,725423,5,407,4,29167,Business,Default
51110,25,Salaried,1670763,332380,24,778,4,49373,Personal,No Default
51111,48,Salaried,1531724,787603,28,392,3,10381,Home,No Default
51112,35,Salaried,1522161,938435,1,399,0,12961,Home,No Default
51113,47,Salaried,1445654,68484,1,480,4,16349,Home,No Default
51114,62,Self-Employed,403018,799969,10,395,4,19871,Business,No Default
51115,51,Salaried,1213313,1030530,4,531,3,27143,Business,No Default
51116,60,Self-Employed,1292109,325424,13,550,4,22207,Home,No Default
51117,38,Salaried,810784,310964,14,878,1,65412,Personal,No Default
51118,58,Salaried,345946,52754,26,318,4,71040,Home,No Default
51119,24,Self-Employed,907998,1050896,19,586,3,4622,Education,No Default
51120,41,Unemployed,407150,93386,5,506,4,31477,Education,No Default
51121,62,Salaried,1765916,1129941,11,610,4,2913,Personal,No Default
51122,43,Salaried,158641,1442073,26,402,2,65766,Home,No Default
51123,42,Self-Employed,463093,51803,8,458,3,15055,Personal,No Default
51124,21,Unemployed,737137,699195,1,862,3,59391,Education,No Default
51125,45,Unemployed,670352,1237920,5,677,2,23585,Home,No Default
51126,61,Salaried,412512,524420,21,523,2,29309,Home,No Default
51127,48,Salaried,1507725,155210,18,391,1,12864,Education,No Default
51128,57,Salaried,301235,863549,13,475,4,23781,Personal,No Default
51129,31,Unemployed,766551,792635,5,409,0,2541,Personal,No Default
51130,42,Salaried,461653,225771,24,478,0,33983,Business,Default
51131,45,Salaried,968579,319348,26,752,2,11398,Business,No Default
51132,41,Unemployed,807125,1046068,7,374,3,26759,Business,No Default
51133,56,Salaried,1652997,112519,12,882,3,63353,Personal,No Default
51134,40,Self-Employed,1445624,100386,2,791,1,61325,Home,Default
51135,36,Salaried,1565487,803411,13,402,0,57761,Home,No Default
51136,48,Salaried,472371,66486,14,340,3,23118,Business,No Default
51137,49,Salaried,1867141,195846,6,734,1,78479,Personal,No Default
51138,46,Salaried,238030,153216,16,633,1,22480,Business,No Default
51139,60,Salaried,1492889,457589,10,579,2,41919,Personal,No Default
51140,22,Salaried,1806208,206895,29,841,0,33081,Personal,No Default
51141,30,Salaried,553510,1296903,27,805,1,38548,Business,No Default
51142,33,Unemployed,712246,1281002,11,542,1,76010,Home,No Default
51143,35,Salaried,1675882,1447791,1,863,1,32888,Home,No Default
51144,29,Salaried,1096000,536633,15,868,0,33608,Personal,No Default
51145,47,Salaried,298823,973530,16,378,2,11401,Education,No Default
51146,28,Salaried,855821,224568,10,736,4,57417,Education,No Default
51147,26,Unemployed,1823564,1290477,10,760,3,67976,Education,No Default
51148,56,Salaried,1623198,1387060,3,496,0,54959,Business,No Default
51149,44,Salaried,1336846,621631,11,330,0,47694,Home,No Default
51150,23,Self-Employed,1935304,1257581,11,329,0,34421,Education,Default
51151,46,Salaried,1379879,981190,16,412,4,51625,Education,No Default
51152,56,Salaried,901010,523103,6,689,3,21163,Education,No Default
51153,41,Self-Employed,1396592,210330,9,575,3,7036,Education,No Default
51154,33,Self-Employed,506770,1224453,1,519,1,50918,Business,No Default
51155,31,Salaried,1432305,345171,28,575,1,67521,Home,No Default
51156,28,Salaried,658513,1481912,6,311,2,22726,Home,No Default
51157,34,Unemployed,1807482,752362,18,792,0,79083,Home,No Default
51158,53,Salaried,670910,966995,25,896,2,27132,Education,No Default
51159,22,Self-Employed,1653411,862794,13,348,0,40011,Personal,No Default
51160,21,Unemployed,205665,1220494,2,309,3,46437,Business,No Default
51161,31,Self-Employed,487332,770995,28,560,2,32032,Business,No Default
51162,26,Salaried,759024,774801,19,619,3,39822,Business,No Default
51163,52,Salaried,262171,65090,28,485,1,62574,Home,No Default
51164,35,Salaried,1647750,1133686,2,528,3,58909,Home,No Default
51165,32,Salaried,1754879,647915,27,320,4,44786,Business,No Default
51166,57,Unemployed,939516,888817,4,315,2,61542,Education,No Default
51167,49,Salaried,1059823,847873,4,779,0,29932,Personal,No Default
51168,64,Salaried,745888,747671,10,305,3,57446,Home,No Default
51169,42,Self-Employed,106140,470603,17,597,2,55371,Home,Default
51170,34,Salaried,1068395,571257,24,558,0,26570,Education,No Default
51171,39,Salaried,1625064,1488154,16,339,2,63155,Education,No Default
51172,25,Salaried,384285,537030,21,575,2,8415,Home,No Default
51173,55,Salaried,1068198,321846,28,818,4,40227,Education,Default
51174,45,Self-Employed,1931837,800426,8,810,3,64098,Education,No Default
51175,58,Self-Employed,1432348,678999,29,607,4,53807,Education,No Default
51176,29,Salaried,998830,486344,6,832,1,5518,Personal,No Default
51177,27,Salaried,520459,1048445,2,779,2,23460,Personal,Default
51178,38,Self-Employed,163747,161895,23,713,3,44440,Personal,No Default
51179,22,Unemployed,1624542,339906,26,822,1,66042,Education,Default
51180,30,Salaried,1232101,1111143,15,764,1,61922,Education,Default
51181,64,Self-Employed,165198,1105433,25,708,4,66624,Personal,Default
51182,22,Salaried,1536347,1436119,23,349,1,67400,Personal,No Default
51183,28,Salaried,931202,1156662,11,344,0,31396,Business,No Default
51184,27,Self-Employed,1287585,401289,21,570,0,60897,Home,No Default
51185,55,Salaried,1859940,170071,16,574,0,3698,Personal,No Default
51186,43,Salaried,1374887,576300,4,722,1,47573,Business,No Default
51187,28,Salaried,932050,109049,11,334,2,38194,Business,No Default
51188,41,Salaried,1515540,796918,14,803,3,46664,Personal,No Default
51189,53,Salaried,313213,1450306,8,787,0,13416,Business,No Default
51190,21,Salaried,415247,1033330,6,443,0,47384,Personal,Default
51191,32,Salaried,106493,89080,29,492,0,23169,Home,Default
51192,31,Salaried,460182,496278,21,846,4,72110,Home,No Default
51193,50,Self-Employed,1668798,284027,23,477,4,49678,Home,Default
51194,24,Salaried,1377519,1164464,27,617,0,14699,Personal,No Default
51195,54,Self-Employed,125957,1476671,19,690,0,19665,Business,Default
51196,43,Salaried,1021621,1327376,25,450,4,48999,Personal,No Default
51197,52,Unemployed,1645504,166293,4,746,3,19341,Home,No Default
51198,23,Unemployed,1771921,311185,28,840,2,41205,Business,Default
51199,48,Salaried,898933,348310,4,449,3,51914,Education,No Default
51200,24,Salaried,1669479,1479959,24,507,2,73132,Home,No Default
51201,32,Self-Employed,1805124,1232654,6,648,1,7949,Personal,No Default
51202,44,Salaried,540459,182076,11,561,1,48784,Personal,No Default
51203,53,Salaried,1573905,1235615,1,712,3,8621,Personal,No Default
51204,23,Salaried,1401444,253036,2,388,4,63037,Education,Default
51205,24,Salaried,1467359,1117455,9,557,0,61103,Business,No Default
51206,50,Unemployed,1124408,576549,16,791,1,70425,Personal,No Default
51207,26,Unemployed,864341,995844,6,847,4,42545,Personal,No Default
51208,50,Salaried,690620,772633,23,395,4,7514,Personal,No Default
51209,28,Salaried,343724,868755,27,703,2,41983,Home,No Default
51210,38,Salaried,573588,1368647,9,738,1,30656,Home,No Default
51211,36,Salaried,1219257,508100,19,336,3,77364,Education,No Default
51212,26,Self-Employed,286901,397047,5,780,4,17281,Business,No Default
51213,44,Self-Employed,1591804,1220262,21,479,3,33471,Business,Default
51214,48,Salaried,726763,890582,10,624,3,9753,Personal,No Default
51215,52,Salaried,829071,1467887,7,881,1,10741,Personal,No Default
51216,45,Salaried,1132557,587344,29,705,3,69541,Home,No Default
51217,48,Unemployed,1739914,942923,2,768,3,53335,Home,No Default
51218,41,Salaried,115451,1134314,20,570,0,29141,Home,No Default
51219,28,Salaried,465384,1289593,27,653,3,51475,Home,No Default
51220,56,Self-Employed,1462806,525614,4,858,0,74900,Personal,Default
51221,29,Self-Employed,1196969,329371,28,764,1,12117,Home,Default
51222,60,Unemployed,1797327,739753,8,663,3,3823,Business,No Default
51223,41,Salaried,1624210,133800,26,368,4,22005,Home,No Default
51224,21,Salaried,701257,371605,3,607,3,3138,Education,No Default
51225,24,Salaried,1674233,107848,2,722,0,36488,Home,No Default
51226,30,Unemployed,376212,665805,9,813,4,51875,Personal,No Default
51227,46,Self-Employed,224131,839912,28,518,1,25015,Personal,No Default
51228,60,Self-Employed,370260,65860,11,344,2,4412,Personal,No Default
51229,23,Salaried,1323335,1167154,4,532,2,15119,Home,Default
51230,64,Self-Employed,1454173,822884,9,666,0,13573,Business,No Default
51231,29,Salaried,524453,369374,6,421,1,77021,Personal,No Default
51232,52,Salaried,1402659,56564,1,794,1,28943,Business,Default
51233,23,Salaried,1022868,856444,27,876,3,6017,Personal,Default
51234,24,Self-Employed,1345274,1152745,3,448,2,39038,Personal,No Default
51235,26,Salaried,177622,862773,7,775,3,65285,Business,Default
51236,29,Self-Employed,701213,526337,9,878,1,53110,Education,No Default
51237,46,Self-Employed,772215,1076978,8,649,0,30797,Personal,No Default
51238,22,Salaried,1121892,883273,28,870,0,11186,Business,Default
51239,22,Self-Employed,1649553,1453304,21,414,4,24781,Personal,No Default
51240,41,Salaried,1144981,355479,28,536,0,29552,Home,No Default
51241,42,Salaried,1595426,629443,13,346,2,8910,Business,No Default
51242,23,Salaried,1596070,1196890,24,573,4,5871,Personal,Default
51243,55,Self-Employed,1542903,1310795,18,412,2,16627,Education,No Default
51244,58,Salaried,1378549,603815,19,844,3,30586,Home,No Default
51245,53,Self-Employed,158251,407610,24,698,3,47254,Personal,No Default
51246,35,Self-Employed,815618,1254352,9,591,0,76950,Home,No Default
51247,31,Salaried,504624,549425,26,615,4,64126,Education,No Default
51248,30,Salaried,1565794,1348531,24,461,2,56029,Business,No Default
51249,56,Self-Employed,183274,1393777,20,389,2,46211,Personal,No Default
51250,34,Salaried,468325,153992,29,350,1,49733,Business,Default
51251,22,Self-Employed,964106,1341388,6,723,0,22300,Personal,No Default
51252,64,Self-Employed,1487683,1007877,27,705,3,75023,Personal,No Default
51253,57,Salaried,1093936,1077635,21,443,1,36838,Business,No Default
51254,49,Unemployed,954357,134613,12,827,3,10828,Business,No Default
51255,55,Salaried,1688224,341480,4,432,3,66837,Personal,No Default
51256,40,Unemployed,230167,239786,9,798,2,8842,Education,No Default
51257,41,Salaried,849122,1372734,10,689,3,22059,Education,No Default
51258,54,Self-Employed,510063,266578,3,469,4,33430,Personal,No Default
51259,63,Salaried,488962,1251947,17,841,3,31930,Business,Default
51260,53,Self-Employed,933997,1497376,29,459,4,70171,Education,No Default
51261,39,Salaried,1952464,1445489,7,711,3,25221,Personal,No Default
51262,28,Salaried,623058,1224668,26,883,1,14406,Home,Default
51263,51,Salaried,433126,340926,8,683,2,2259,Personal,No Default
51264,31,Self-Employed,1362041,547924,11,484,1,21380,Business,No Default
51265,28,Salaried,858647,1209039,13,513,2,26192,Personal,No Default
51266,45,Self-Employed,1509962,1046539,3,393,1,17733,Home,No Default
51267,40,Self-Employed,314302,729184,19,869,0,52321,Home,No Default
51268,58,Unemployed,1188535,563720,14,518,3,14316,Personal,No Default
51269,27,Salaried,1950066,1187088,22,518,3,50948,Home,No Default
51270,33,Self-Employed,806852,842257,16,312,0,59173,Personal,No Default
51271,59,Salaried,1201248,1233136,15,722,0,7714,Business,No Default
51272,63,Self-Employed,1611384,1428151,2,722,4,8043,Business,No Default
51273,30,Self-Employed,1919710,380588,6,785,1,58257,Business,No Default
51274,28,Salaried,1668201,641235,21,676,3,75058,Education,No Default
51275,62,Salaried,1205425,186529,7,707,4,54949,Personal,No Default
51276,63,Salaried,1604105,299759,9,418,3,13553,Business,No Default
51277,40,Salaried,516704,1398936,9,570,0,38528,Personal,No Default
51278,37,Unemployed,312380,667518,17,396,4,31784,Home,No Default
51279,31,Salaried,844012,58847,23,346,4,75904,Business,No Default
51280,36,Unemployed,1771427,222381,3,472,4,55192,Education,No Default
51281,57,Salaried,1477912,326802,4,646,1,8170,Business,No Default
51282,62,Unemployed,340523,1487598,2,536,4,42896,Education,Default
51283,52,Self-Employed,1767255,460743,1,842,3,77040,Home,No Default
51284,46,Self-Employed,209615,50645,10,512,1,46007,Personal,No Default
51285,57,Salaried,466738,1196052,3,571,3,76258,Home,No Default
51286,29,Salaried,1351097,914668,10,706,4,62849,Home,No Default
51287,55,Salaried,1082891,729350,9,377,4,13609,Home,Default
51288,23,Salaried,697797,529268,17,852,3,46610,Home,No Default
51289,51,Salaried,248047,1306148,15,445,2,72818,Home,Default
51290,62,Self-Employed,1269131,108827,3,311,4,21270,Personal,No Default
51291,27,Salaried,142392,409533,27,528,4,23326,Education,No Default
51292,22,Salaried,637593,699402,21,640,1,23531,Home,No Default
51293,45,Salaried,1224791,671014,3,463,3,59599,Business,Default
51294,60,Salaried,362372,969466,4,681,4,47960,Education,Default
51295,32,Salaried,1146076,1489093,4,881,3,26354,Education,Default
51296,50,Self-Employed,732152,482457,17,721,1,40639,Business,Default
51297,50,Salaried,1232120,962508,6,737,3,52739,Business,No Default
51298,49,Self-Employed,778834,1160973,11,362,3,30128,Business,No Default
51299,61,Salaried,1152555,382095,12,545,1,47832,Business,No Default
51300,31,Self-Employed,146343,1154346,23,349,4,58316,Business,No Default
51301,43,Salaried,100739,295224,28,533,3,27790,Home,No Default
51302,37,Self-Employed,1122329,605833,7,827,2,68683,Education,No Default
51303,33,Salaried,1561350,1369425,13,815,4,7550,Business,Default
51304,53,Salaried,1972825,1352861,6,581,1,25769,Business,No Default
51305,21,Salaried,1896118,538518,23,519,0,9138,Personal,No Default
51306,60,Self-Employed,1448874,1127247,3,647,2,49404,Education,No Default
51307,33,Self-Employed,1836208,857635,21,663,4,62486,Education,No Default
51308,58,Salaried,137339,956935,14,862,1,76601,Home,No Default
51309,23,Salaried,1786455,848883,14,341,2,56816,Education,No Default
51310,36,Salaried,310868,1472092,23,722,4,76101,Business,No Default
51311,62,Salaried,761954,1218678,10,434,0,3194,Personal,No Default
51312,27,Salaried,1161761,751336,5,558,4,41255,Education,No Default
51313,23,Self-Employed,1011346,462546,26,490,0,54679,Personal,No Default
51314,34,Unemployed,1292220,137656,2,555,0,31533,Business,No Default
51315,36,Unemployed,205784,608900,6,793,3,7615,Personal,Default
51316,24,Self-Employed,510785,1479019,23,372,1,17084,Education,No Default
51317,51,Salaried,1480473,1081065,11,373,3,10016,Education,No Default
51318,33,Salaried,1297167,966280,18,881,0,28725,Home,No Default
51319,47,Salaried,1129358,924038,26,700,1,36825,Business,No Default
51320,21,Salaried,1704817,200521,24,378,1,46072,Home,No Default
51321,45,Salaried,644092,780190,21,547,1,20801,Home,Default
51322,57,Unemployed,1224862,319334,11,486,2,39246,Business,No Default
51323,64,Self-Employed,558753,226565,24,855,4,24854,Education,No Default
51324,31,Salaried,117275,192633,15,769,0,59793,Personal,Default
51325,29,Salaried,304490,463647,3,878,1,39386,Home,No Default
51326,27,Self-Employed,342462,1243219,2,755,2,16142,Education,No Default
51327,34,Self-Employed,686356,1457651,7,575,2,19393,Education,No Default
51328,50,Salaried,1998352,164291,5,478,0,5778,Home,No Default
51329,44,Self-Employed,222750,655027,21,428,3,17318,Home,Default
51330,23,Self-Employed,919033,1273439,13,678,2,49068,Home,Default
51331,59,Salaried,1725569,1357805,8,414,0,46778,Education,No Default
51332,47,Salaried,941653,826511,29,621,2,3250,Business,Default
51333,21,Self-Employed,1132116,1356475,9,688,0,58161,Business,No Default
51334,58,Self-Employed,1836305,889800,8,763,1,45348,Home,No Default
51335,46,Salaried,1717481,1091057,10,501,3,20703,Personal,Default
51336,26,Self-Employed,1469035,623135,2,846,2,40678,Education,Default
51337,62,Self-Employed,752528,387899,10,708,2,54347,Personal,No Default
51338,32,Self-Employed,1426037,1194067,11,451,2,70493,Home,No Default
51339,58,Salaried,1991117,739584,23,704,4,24722,Education,No Default
51340,55,Unemployed,603861,672635,11,790,4,15894,Business,No Default
51341,30,Salaried,867442,90094,5,461,1,59063,Business,No Default
51342,29,Salaried,1120012,1226367,14,446,2,27772,Personal,No Default
51343,43,Self-Employed,665527,275377,23,711,3,38042,Home,No Default
51344,50,Salaried,380226,977590,3,555,4,66181,Personal,No Default
51345,42,Salaried,1473240,614832,20,669,0,49856,Home,No Default
51346,29,Self-Employed,504295,359804,23,590,0,37816,Business,No Default
51347,39,Salaried,627172,1353943,2,639,0,70475,Education,No Default
51348,28,Salaried,1897333,123736,18,375,1,13670,Business,No Default
51349,24,Salaried,267419,1169744,1,868,2,63572,Personal,No Default
51350,25,Salaried,1352379,522452,1,839,2,11049,Education,No Default
51351,39,Salaried,429931,608918,28,804,4,13028,Home,Default
51352,38,Unemployed,1611968,1280033,17,620,0,36520,Business,No Default
51353,49,Self-Employed,1298388,316855,6,606,1,31587,Home,Default
51354,39,Unemployed,214297,314601,13,646,3,58599,Business,No Default
51355,26,Salaried,637103,1352537,21,692,2,20050,Home,Default
51356,25,Self-Employed,273963,388876,26,498,2,66597,Business,No Default
51357,63,Salaried,414710,390519,24,481,1,69399,Business,Default
51358,25,Self-Employed,1976976,613755,21,539,4,6461,Home,No Default
51359,28,Salaried,785273,456383,1,365,1,39980,Business,No Default
51360,47,Salaried,1727724,517211,28,470,4,4118,Business,Default
51361,57,Salaried,230134,581445,24,892,2,40394,Business,No Default
51362,63,Salaried,1953470,1101290,6,464,4,44309,Personal,No Default
51363,58,Self-Employed,612099,1053970,8,362,4,9358,Business,No Default
51364,57,Self-Employed,494554,1387937,13,654,4,44030,Home,No Default
51365,38,Self-Employed,243854,352276,2,350,4,58291,Home,No Default
51366,46,Unemployed,972041,933085,26,883,0,31922,Personal,Default
51367,62,Salaried,1417334,1179368,8,342,0,65215,Business,No Default
51368,36,Salaried,1018245,1417091,22,620,0,46447,Personal,No Default
51369,42,Self-Employed,1047714,893220,1,617,0,33572,Personal,Default
51370,43,Salaried,166269,878474,13,515,1,29517,Business,No Default
51371,23,Salaried,900376,1451125,1,490,3,22649,Home,Default
51372,23,Self-Employed,1598783,713373,10,789,4,31927,Business,Default
51373,32,Salaried,101806,303715,28,389,1,13591,Personal,Default
51374,43,Salaried,1030789,1439495,5,721,0,27832,Education,No Default
51375,31,Salaried,471018,349117,23,790,4,65524,Personal,No Default
51376,62,Salaried,1225569,643747,20,862,3,74450,Home,No Default
51377,49,Salaried,1346937,1392278,13,553,4,40289,Business,No Default
51378,26,Salaried,140126,682638,26,406,2,78411,Education,No Default
51379,36,Salaried,966555,1317652,5,593,2,2425,Personal,Default
51380,54,Salaried,1182368,250398,10,810,1,32600,Personal,No Default
51381,57,Salaried,732266,1208104,3,535,3,74454,Personal,No Default
51382,31,Self-Employed,449828,1320604,2,797,1,9008,Business,No Default
51383,31,Salaried,416505,1026555,2,655,4,43176,Business,No Default
51384,45,Salaried,1142949,803111,5,603,3,10801,Personal,Default
51385,39,Salaried,1709186,113566,4,831,1,14645,Business,No Default
51386,52,Salaried,830867,887591,2,791,4,27300,Education,No Default
51387,28,Salaried,1815844,892457,21,883,0,15157,Education,No Default
51388,32,Salaried,164627,832674,26,416,4,11015,Home,No Default
51389,61,Self-Employed,876264,207752,9,666,1,61111,Business,No Default
51390,55,Salaried,819003,159463,24,758,3,77705,Business,No Default
51391,26,Unemployed,514418,324578,9,419,3,18273,Personal,No Default
51392,41,Salaried,716516,1408191,9,512,0,30465,Education,No Default
51393,46,Salaried,1742966,1416724,24,482,1,63723,Business,No Default
51394,21,Salaried,946315,1042444,25,638,0,26759,Business,No Default
51395,37,Self-Employed,720843,745939,4,777,2,77347,Business,No Default
51396,55,Salaried,1016623,1436645,8,793,4,39094,Personal,No Default
51397,47,Salaried,703846,275993,18,530,2,26019,Education,Default
51398,22,Salaried,613229,241700,9,663,2,4435,Business,No Default
51399,56,Self-Employed,995893,543784,29,745,0,2734,Business,Default
51400,21,Unemployed,1323368,1195501,25,783,0,34925,Personal,No Default
51401,30,Unemployed,401806,163500,27,545,4,60685,Home,No Default
51402,51,Salaried,1962038,1313178,3,524,0,51146,Personal,No Default
51403,57,Salaried,1712714,59610,6,456,0,9764,Business,No Default
51404,25,Self-Employed,1016035,526922,28,664,0,19459,Education,No Default
51405,61,Salaried,341322,1414271,23,485,0,72658,Education,No Default
51406,33,Salaried,224825,588157,19,794,0,32342,Business,No Default
51407,44,Self-Employed,447432,790762,5,484,2,44821,Home,Default
51408,47,Salaried,1446117,662754,17,686,2,42958,Personal,No Default
51409,21,Unemployed,942526,290475,27,579,4,61973,Business,No Default
51410,40,Salaried,1501360,492170,19,781,3,58993,Business,Default
51411,28,Salaried,1300264,1303755,28,564,4,25135,Business,No Default
51412,23,Salaried,589690,597267,24,651,1,57525,Personal,No Default
51413,52,Self-Employed,1869270,1110068,3,888,4,70500,Education,No Default
51414,64,Salaried,237733,427525,8,381,4,48385,Personal,No Default
51415,45,Salaried,288101,276898,9,480,0,39893,Business,No Default
51416,45,Unemployed,1829983,687072,22,641,0,68669,Education,No Default
51417,34,Salaried,532259,668545,23,495,0,39006,Home,No Default
51418,63,Salaried,1650323,1327027,22,359,3,7786,Business,No Default
51419,47,Self-Employed,1326090,519334,8,450,0,30878,Education,No Default
51420,52,Self-Employed,947810,1384129,14,360,1,57724,Education,Default
51421,47,Salaried,1436663,428587,23,727,2,79484,Education,No Default
51422,24,Salaried,134487,1302217,10,630,1,59464,Business,No Default
51423,59,Self-Employed,1747633,110428,17,338,3,47468,Home,No Default
51424,31,Salaried,1217599,1125031,3,552,0,78939,Education,Default
51425,23,Self-Employed,1042063,994889,3,532,4,77457,Business,Default
51426,45,Salaried,957812,126699,3,653,2,37603,Education,No Default
51427,44,Unemployed,1583311,1151789,4,469,3,69621,Personal,No Default
51428,29,Salaried,1109180,1274510,29,516,1,41837,Education,No Default
51429,28,Salaried,1931839,1349814,17,647,0,25854,Business,No Default
51430,59,Salaried,1159992,868281,14,825,3,20761,Education,Default
51431,51,Salaried,1957867,384012,27,710,3,54009,Education,Default
51432,37,Salaried,1236365,434986,2,827,4,79828,Personal,No Default
51433,63,Salaried,204766,1497440,12,825,4,3455,Personal,Default
51434,51,Self-Employed,642472,868225,5,542,4,60332,Business,No Default
51435,24,Salaried,1962854,135240,27,307,1,15682,Home,No Default
51436,24,Salaried,1899693,658665,22,582,4,3890,Home,No Default
51437,57,Self-Employed,929203,315594,25,851,3,49206,Home,No Default
51438,28,Self-Employed,711283,58418,2,879,3,43609,Home,No Default
51439,62,Salaried,881321,491934,12,465,3,61172,Business,No Default
51440,26,Salaried,1557290,816164,9,502,2,37196,Business,No Default
51441,29,Salaried,1218374,1457980,23,663,2,73745,Personal,No Default
51442,62,Self-Employed,395058,950441,9,451,1,53469,Personal,No Default
51443,28,Self-Employed,623666,1344074,20,724,4,59390,Home,No Default
51444,52,Salaried,1856916,1125027,23,860,3,33635,Personal,No Default
51445,35,Salaried,1540682,53155,1,768,4,42816,Business,No Default
51446,38,Salaried,1980508,1056788,24,709,3,58499,Home,No Default
51447,43,Salaried,265957,865880,7,814,2,9282,Education,No Default
51448,25,Salaried,1973223,178529,23,550,3,12446,Education,No Default
51449,47,Self-Employed,1999328,1489964,18,376,1,18456,Education,No Default
51450,53,Salaried,580150,1065626,10,721,0,5457,Personal,No Default
51451,22,Self-Employed,733447,1315386,15,684,3,38853,Home,No Default
51452,62,Unemployed,1702788,1143807,9,678,1,45037,Education,No Default
51453,58,Self-Employed,1859035,463274,11,527,2,52695,Home,No Default
51454,48,Salaried,1211689,305297,24,417,2,17223,Business,No Default
51455,44,Salaried,886750,384548,1,566,0,22880,Education,No Default
51456,41,Salaried,1881633,809177,11,534,4,77764,Education,Default
51457,51,Self-Employed,702147,543349,1,467,4,72285,Education,No Default
51458,31,Salaried,1023253,1305039,5,821,3,7045,Business,Default
51459,48,Salaried,1247134,1409418,18,636,2,35615,Home,Default
51460,60,Salaried,1813464,357523,1,626,1,63424,Education,No Default
51461,24,Salaried,121441,271268,10,658,0,59414,Education,No Default
51462,63,Self-Employed,763886,933707,28,747,4,32426,Home,No Default
51463,62,Salaried,864947,709172,13,833,3,16113,Personal,No Default
51464,36,Salaried,1578953,460486,27,396,3,59599,Personal,Default
51465,32,Salaried,1673908,860410,8,849,2,66614,Education,No Default
51466,42,Salaried,964733,1110107,28,555,1,77922,Education,Default
51467,55,Self-Employed,1852823,865215,13,741,1,68437,Personal,No Default
51468,63,Salaried,100961,1289667,20,708,4,20267,Personal,No Default
51469,36,Salaried,1611077,381827,2,384,3,75867,Education,No Default
51470,44,Self-Employed,596085,461731,21,716,2,53854,Home,No Default
51471,55,Self-Employed,1516540,143806,12,848,1,78396,Personal,No Default
51472,48,Salaried,1331614,1494551,27,801,3,13110,Education,Default
51473,62,Salaried,379117,552490,29,397,1,22543,Business,No Default
51474,49,Salaried,1363556,1254964,13,841,0,44254,Home,No Default
51475,41,Salaried,602551,488696,28,802,1,78610,Education,No Default
51476,45,Salaried,1136057,63332,22,750,1,19800,Business,Default
51477,59,Salaried,1978401,256511,8,490,3,13264,Personal,No Default
51478,51,Unemployed,1249869,1278855,15,500,1,65534,Business,No Default
51479,35,Salaried,620044,1069170,7,621,1,56025,Business,No Default
51480,62,Self-Employed,1973441,763510,7,557,0,3500,Business,No Default
51481,55,Self-Employed,956509,103902,17,454,1,42887,Personal,No Default
51482,58,Unemployed,1572470,845630,19,786,1,2814,Business,No Default
51483,42,Salaried,1691208,1464027,3,527,3,16539,Personal,No Default
51484,25,Self-Employed,1849090,458948,7,816,2,39834,Education,No Default
51485,33,Unemployed,1026350,398167,12,810,0,59570,Business,Default
51486,52,Salaried,332450,1022923,14,373,1,78723,Home,Default
51487,23,Salaried,994283,444997,2,664,2,54987,Education,Default
51488,35,Salaried,694853,278162,26,323,3,8086,Personal,No Default
51489,47,Salaried,1993810,242349,7,762,0,13510,Education,No Default
51490,47,Salaried,1164848,159660,16,780,3,36832,Business,No Default
51491,50,Salaried,279685,343629,9,388,2,53503,Personal,Default
51492,26,Self-Employed,975738,1152927,1,833,0,16200,Business,No Default
51493,45,Salaried,1536882,561273,12,599,1,28113,Education,No Default
51494,48,Self-Employed,899536,76654,2,343,2,32141,Home,Default
51495,42,Salaried,1033359,1262793,27,336,3,59303,Education,No Default
51496,24,Self-Employed,1007495,625817,22,818,0,15408,Education,No Default
51497,35,Salaried,1382647,678637,18,773,2,15594,Business,No Default
51498,46,Salaried,1215031,751738,14,579,2,44230,Home,Default
51499,38,Self-Employed,404850,1377385,12,760,3,10226,Business,Default
51500,29,Salaried,1445246,790199,18,468,3,34212,Business,Default
51501,24,Salaried,855495,1176468,5,369,1,2067,Business,No Default
51502,25,Unemployed,764723,752486,7,512,1,47663,Personal,No Default
51503,26,Salaried,1460231,521376,4,882,2,51834,Business,No Default
51504,32,Self-Employed,1729602,667292,13,371,3,15232,Home,No Default
51505,51,Salaried,179791,1457184,16,479,2,78682,Business,No Default
51506,29,Salaried,1086850,1057830,22,507,4,37906,Business,No Default
51507,27,Salaried,101440,275702,28,476,3,48002,Home,No Default
51508,49,Unemployed,1520135,1100696,16,600,4,44291,Education,No Default
51509,34,Salaried,822615,422433,19,453,4,5190,Business,No Default
51510,40,Self-Employed,1531080,544390,4,453,3,74889,Education,No Default
51511,52,Unemployed,799573,1155501,20,329,1,31645,Business,No Default
51512,42,Salaried,1935563,378617,20,326,2,15930,Business,Default
51513,56,Salaried,1780593,571963,28,539,0,4595,Personal,No Default
51514,64,Self-Employed,1750512,682473,1,397,0,66402,Home,No Default
51515,38,Salaried,751207,866401,13,625,3,3218,Home,No Default
51516,60,Salaried,1609625,901668,20,536,1,10675,Education,No Default
51517,45,Salaried,1936543,1075256,20,437,1,65447,Personal,No Default
51518,51,Self-Employed,1294579,151416,22,847,1,25831,Business,No Default
51519,55,Self-Employed,219773,852729,9,345,0,26384,Personal,No Default
51520,46,Salaried,1111674,513286,10,689,4,64811,Home,No Default
51521,24,Salaried,1717126,1239177,6,663,0,42527,Business,Default
51522,62,Unemployed,1501741,727373,22,659,1,79277,Business,No Default
51523,40,Salaried,353902,80089,7,881,0,60465,Education,No Default
51524,54,Self-Employed,1697451,1366891,23,506,0,18665,Personal,No Default
51525,32,Salaried,461427,219881,16,814,2,43589,Business,No Default
51526,36,Self-Employed,1312688,857585,17,665,3,37234,Home,No Default
51527,62,Unemployed,407687,154693,24,737,4,30894,Education,No Default
51528,25,Salaried,1499897,1258077,1,530,2,66763,Home,No Default
51529,64,Salaried,1044077,1418473,9,722,3,38943,Education,No Default
51530,55,Salaried,1743544,974145,14,768,1,39689,Personal,No Default
51531,64,Salaried,1530041,568354,15,610,2,45689,Education,No Default
51532,47,Salaried,812622,1344695,4,694,3,41324,Personal,No Default
51533,21,Self-Employed,1543480,54677,25,413,2,67180,Personal,No Default
51534,54,Salaried,1262200,579427,8,501,0,30040,Business,No Default
51535,63,Salaried,969947,232444,25,762,0,70472,Personal,No Default
51536,52,Self-Employed,918235,1184625,15,841,2,27927,Education,No Default
51537,64,Salaried,771514,369558,22,663,2,15514,Education,No Default
51538,59,Salaried,742218,1080917,25,546,4,58058,Business,No Default
51539,53,Self-Employed,858347,292631,4,892,1,46398,Education,Default
51540,51,Self-Employed,836019,545212,19,545,0,8139,Personal,No Default
51541,33,Salaried,123998,910173,3,483,2,54601,Education,Default
51542,22,Salaried,1154362,578188,8,712,3,63894,Home,No Default
51543,50,Salaried,1207635,1088084,2,572,1,77794,Home,No Default
51544,30,Self-Employed,1375473,1486724,28,844,3,21385,Business,No Default
51545,43,Self-Employed,1350313,547133,22,576,1,72610,Personal,No Default
51546,53,Self-Employed,718738,960895,25,798,3,22731,Education,No Default
51547,59,Salaried,299453,1389854,25,789,0,40887,Business,No Default
51548,49,Salaried,698272,1312090,8,514,2,63258,Business,No Default
51549,50,Self-Employed,1859226,1169062,8,402,2,13825,Personal,No Default
51550,54,Salaried,1394645,293709,17,889,4,74586,Business,No Default
51551,59,Salaried,1175715,533025,16,474,2,78685,Home,No Default
51552,37,Salaried,842614,1040531,16,351,0,45745,Business,No Default
51553,42,Self-Employed,1066534,975195,16,596,1,75948,Education,No Default
51554,25,Salaried,914425,1164554,27,474,1,28820,Home,No Default
51555,31,Salaried,1452768,728138,7,642,2,22192,Home,No Default
51556,42,Salaried,1292571,369298,15,899,3,58968,Home,Default
51557,52,Salaried,506300,404339,17,470,2,42642,Education,No Default
51558,44,Self-Employed,969528,885220,25,336,1,50145,Personal,No Default
51559,31,Salaried,1040071,583701,3,500,4,53414,Business,No Default
51560,31,Salaried,643769,1212689,1,363,1,42653,Business,No Default
51561,37,Salaried,1508272,573509,8,785,3,39499,Home,No Default
51562,52,Salaried,1159998,1404120,7,754,3,52191,Home,No Default
51563,39,Salaried,953692,162683,18,708,4,37048,Business,Default
51564,47,Salaried,1375655,1059978,23,449,3,52540,Education,No Default
51565,52,Self-Employed,430308,837326,5,801,2,58314,Home,No Default
51566,45,Salaried,1728160,1208974,15,847,2,71044,Home,No Default
51567,48,Salaried,882414,740381,7,577,1,69654,Education,No Default
51568,60,Salaried,914307,276544,10,334,0,63127,Personal,No Default
51569,47,Salaried,642022,277368,16,474,2,47015,Home,Default
51570,34,Salaried,582861,1228187,28,332,2,52734,Personal,No Default
51571,62,Unemployed,1083659,400921,23,696,4,16360,Education,Default
51572,59,Salaried,675988,1480401,2,553,2,67056,Business,No Default
51573,22,Salaried,638074,799662,18,867,1,33957,Business,No Default
51574,37,Salaried,1797122,791915,15,622,4,64502,Personal,No Default
51575,21,Salaried,678683,310154,23,312,2,51828,Home,No Default
51576,52,Salaried,1373818,532944,19,349,1,45102,Business,Default
51577,39,Self-Employed,1606963,93520,20,532,4,11605,Education,No Default
51578,34,Salaried,1264241,552558,14,839,0,73899,Home,No Default
51579,51,Salaried,973895,79899,23,395,1,40155,Personal,Default
51580,38,Self-Employed,1999771,228874,2,642,2,24133,Personal,No Default
51581,34,Salaried,1092769,806598,29,492,4,48145,Personal,No Default
51582,34,Salaried,1236349,652395,18,810,0,24720,Personal,No Default
51583,44,Salaried,726364,443587,9,750,1,29967,Education,No Default
51584,25,Salaried,291994,1028251,27,424,0,50674,Business,No Default
51585,36,Salaried,135301,261994,1,380,1,79719,Personal,No Default
51586,25,Salaried,1386621,1203878,16,306,2,12414,Business,Default
51587,33,Salaried,816358,326608,12,629,1,67647,Business,No Default
51588,36,Self-Employed,216582,395467,12,382,2,5379,Personal,No Default
51589,35,Self-Employed,1732588,1316170,19,835,1,58659,Home,No Default
51590,51,Self-Employed,1731840,885457,10,826,4,5151,Personal,No Default
51591,25,Self-Employed,908167,930619,20,412,1,65598,Education,No Default
51592,41,Salaried,724632,948142,5,739,1,56758,Home,No Default
51593,50,Salaried,445629,1316241,3,318,3,53652,Personal,No Default
51594,43,Salaried,1169085,650536,9,308,3,76140,Business,No Default
51595,58,Self-Employed,1767798,395071,21,484,1,70187,Business,Default
51596,49,Salaried,1087308,197397,23,337,3,18308,Home,No Default
51597,33,Salaried,790967,1114466,15,433,2,26761,Education,No Default
51598,52,Self-Employed,880215,731843,14,401,3,77304,Business,No Default
51599,62,Self-Employed,213362,827294,11,448,1,5158,Education,No Default
51600,47,Self-Employed,152540,353144,13,392,0,25775,Business,Default
51601,54,Salaried,1844880,1219156,7,439,0,38845,Home,Default
51602,53,Salaried,925740,604228,27,594,1,17485,Personal,No Default
51603,24,Salaried,1029916,696166,25,892,1,66552,Business,No Default
51604,38,Salaried,463191,693780,2,843,0,67326,Home,No Default
51605,26,Salaried,258222,132697,3,487,4,23787,Home,No Default
51606,48,Salaried,302250,1140371,20,435,3,50793,Personal,No Default
51607,64,Salaried,1338411,834523,8,465,4,9153,Personal,No Default
51608,47,Salaried,1573624,140990,1,776,2,41093,Home,No Default
51609,46,Self-Employed,559778,808153,25,446,0,57766,Business,No Default
51610,40,Self-Employed,1005751,1373835,21,544,0,7931,Education,Default
51611,33,Salaried,1272056,482254,4,482,4,29040,Education,No Default
51612,48,Salaried,169128,106433,13,308,2,19272,Personal,No Default
51613,54,Salaried,1084027,1145575,24,735,4,67939,Business,No Default
51614,43,Salaried,1492173,124564,14,455,2,14801,Home,No Default
51615,30,Self-Employed,1796349,1468467,9,413,1,61957,Education,No Default
51616,50,Self-Employed,1417958,975192,3,466,1,29064,Education,No Default
51617,42,Self-Employed,201051,807905,14,787,0,5985,Business,No Default
51618,25,Salaried,1091370,1351666,4,736,1,29615,Home,No Default
51619,64,Self-Employed,487081,1336878,17,522,4,61466,Personal,No Default
51620,29,Salaried,947362,335399,15,490,2,8549,Education,No Default
51621,63,Salaried,1267489,654035,12,875,0,72664,Business,No Default
51622,24,Salaried,1579056,489833,14,472,1,14801,Personal,No Default
51623,62,Self-Employed,1796988,484475,19,556,0,53739,Business,Default
51624,21,Salaried,583969,127049,10,749,0,53380,Home,No Default
51625,54,Salaried,1591380,1038073,5,800,2,50442,Business,No Default
51626,61,Salaried,1952815,1164633,29,376,4,12505,Personal,Default
51627,46,Salaried,1829648,539576,24,525,4,79906,Home,Default
51628,38,Salaried,857385,1353145,17,525,3,61228,Education,No Default
51629,36,Salaried,1080419,522008,17,375,4,79564,Personal,No Default
51630,43,Salaried,1072330,604895,3,332,1,65275,Business,No Default
51631,56,Self-Employed,1045369,456009,16,893,3,31621,Education,No Default
51632,46,Salaried,1631961,681436,25,368,3,77974,Home,No Default
51633,22,Salaried,346896,398223,9,714,3,56563,Personal,Default
51634,64,Salaried,1501531,1248311,17,747,3,35415,Home,No Default
51635,25,Self-Employed,1411865,92582,20,661,4,21538,Home,No Default
51636,49,Salaried,880695,406670,12,669,3,71024,Business,No Default
51637,24,Self-Employed,1105003,1264097,24,698,1,17332,Business,No Default
51638,55,Salaried,1354484,849548,2,419,1,78645,Business,Default
51639,42,Salaried,212233,934827,20,347,0,21162,Education,No Default
51640,28,Unemployed,811011,53706,16,367,1,26594,Education,No Default
51641,64,Salaried,1810178,852579,23,638,0,13793,Business,Default
51642,41,Salaried,1031336,542480,23,384,1,22850,Education,No Default
51643,28,Salaried,819365,1250191,21,676,3,67202,Personal,No Default
51644,25,Salaried,159328,295978,23,684,2,62438,Home,No Default
51645,41,Salaried,441965,1107471,6,575,3,25936,Business,No Default
51646,47,Unemployed,1636151,989916,2,504,4,5827,Home,No Default
51647,58,Self-Employed,305705,476230,9,364,0,35410,Home,No Default
51648,25,Salaried,1923569,1471253,5,378,2,60889,Home,No Default
51649,41,Salaried,409996,317253,18,825,1,48790,Personal,Default
51650,28,Self-Employed,1937000,336776,22,624,3,68352,Personal,Default
51651,42,Salaried,1709754,800636,26,677,0,62215,Education,No Default
51652,38,Salaried,456470,193223,21,645,0,61481,Home,No Default
51653,24,Self-Employed,1833330,1275813,18,734,1,24310,Education,Default
51654,24,Self-Employed,749315,629564,29,677,0,37436,Home,No Default
51655,57,Self-Employed,1853893,800629,10,314,1,60207,Business,Default
51656,35,Self-Employed,1887848,144964,10,753,1,63643,Home,Default
51657,58,Unemployed,165353,51912,23,492,3,46587,Home,No Default
51658,47,Salaried,1696744,1004493,10,532,0,79319,Personal,Default
51659,41,Self-Employed,1234096,1368094,29,562,4,75095,Business,No Default
51660,24,Salaried,621321,294065,18,745,4,44890,Education,No Default
51661,31,Salaried,572293,1183978,16,353,3,9008,Business,No Default
51662,39,Salaried,1701839,141792,23,303,3,61544,Personal,Default
51663,39,Self-Employed,1865552,1454025,6,556,1,38830,Personal,No Default
51664,47,Salaried,1545802,191270,12,660,4,25276,Home,No Default
51665,60,Self-Employed,1091315,406961,28,539,0,57222,Personal,Default
51666,62,Salaried,220003,742356,4,781,4,75038,Personal,Default
51667,48,Salaried,1577880,712515,20,760,3,64519,Home,No Default
51668,25,Self-Employed,1888361,173899,16,437,3,55044,Personal,No Default
51669,45,Self-Employed,927028,541837,28,750,1,21184,Personal,Default
51670,23,Self-Employed,1975661,764304,22,623,0,52082,Education,No Default
51671,46,Salaried,348216,771606,25,772,3,78326,Home,No Default
51672,30,Self-Employed,1123056,847820,26,776,0,23633,Home,No Default
51673,44,Self-Employed,1285997,648466,22,492,4,38961,Education,No Default
51674,49,Salaried,123347,600745,22,606,1,27368,Education,No Default
51675,27,Salaried,1610390,723487,11,841,4,29045,Education,No Default
51676,64,Salaried,1472961,573471,1,520,3,55187,Education,No Default
51677,43,Self-Employed,940574,61752,5,471,3,47135,Home,Default
51678,47,Salaried,1554952,626120,17,459,0,71919,Education,No Default
51679,62,Salaried,1099362,801065,11,471,3,63261,Education,No Default
51680,29,Self-Employed,690211,1293994,14,362,0,57464,Personal,No Default
51681,64,Salaried,1457611,617599,9,872,2,22742,Home,No Default
51682,23,Unemployed,1778205,1379808,10,364,3,25250,Education,Default
51683,33,Salaried,1089950,1366395,4,468,4,4577,Personal,No Default
51684,26,Salaried,771118,1363360,2,380,4,72416,Home,No Default
51685,58,Salaried,1674867,1424048,25,567,0,6305,Education,No Default
51686,41,Unemployed,1829543,749768,6,679,2,55202,Education,No Default
51687,39,Self-Employed,1973521,835748,27,372,3,16951,Personal,No Default
51688,45,Unemployed,976993,548896,29,631,1,21532,Business,No Default
51689,59,Self-Employed,824443,1202242,26,487,1,42828,Home,Default
51690,24,Salaried,1603573,1053677,3,324,4,64514,Personal,No Default
51691,42,Salaried,912104,125921,13,527,3,72662,Education,No Default
51692,25,Salaried,1714683,1113777,12,417,1,20330,Business,No Default
51693,21,Salaried,1097496,870968,18,744,0,15242,Business,No Default
51694,37,Unemployed,1778272,205739,6,407,3,36340,Personal,Default
51695,29,Salaried,1835539,1396237,10,541,4,62989,Personal,No Default
51696,29,Self-Employed,1789571,951740,6,833,2,15823,Personal,No Default
51697,44,Unemployed,207376,425055,28,780,0,71604,Home,No Default
51698,30,Salaried,1781641,1136558,28,802,0,10281,Business,No Default
51699,40,Self-Employed,1103585,763692,25,797,3,73734,Home,No Default
51700,37,Salaried,1001349,1131420,5,355,2,43051,Business,No Default
51701,33,Self-Employed,551481,1444838,27,448,0,59283,Home,No Default
51702,49,Salaried,271550,185309,15,610,2,61309,Personal,No Default
51703,56,Salaried,706002,697398,15,851,4,14348,Education,No Default
51704,43,Salaried,445896,842459,12,420,0,65335,Personal,No Default
51705,47,Unemployed,960210,784137,9,325,1,45124,Home,Default
51706,38,Self-Employed,229682,654855,13,411,4,54466,Personal,No Default
51707,38,Salaried,480510,412992,16,810,4,51937,Business,No Default
51708,29,Unemployed,1811432,802919,21,322,0,26459,Home,No Default
51709,23,Salaried,579618,1030772,2,563,1,47076,Personal,No Default
51710,27,Self-Employed,1014469,668012,17,415,2,12080,Personal,No Default
51711,35,Salaried,128357,543073,9,779,1,38813,Education,No Default
51712,50,Salaried,1403280,646098,26,606,4,22168,Education,No Default
51713,29,Self-Employed,146252,506140,23,530,0,33892,Personal,No Default
51714,61,Salaried,1048716,1045596,19,791,1,4965,Business,No Default
51715,47,Salaried,892319,699833,28,419,1,34438,Business,No Default
51716,56,Salaried,445542,1001899,6,585,4,10493,Business,No Default
51717,38,Salaried,1154616,575362,26,706,2,69880,Personal,No Default
51718,51,Salaried,1631864,1052628,4,657,1,47828,Education,No Default
51719,37,Unemployed,244512,1064568,25,451,1,29891,Personal,No Default
51720,26,Salaried,752341,526164,15,897,3,42955,Education,No Default
51721,59,Salaried,1523445,1181143,18,624,4,18445,Business,No Default
51722,45,Salaried,1701235,1406513,27,545,3,35625,Education,No Default
51723,62,Self-Employed,1037228,785733,12,614,4,27393,Personal,No Default
51724,62,Self-Employed,1478599,350215,12,461,4,64844,Personal,No Default
51725,58,Self-Employed,238260,882947,20,668,3,29683,Personal,No Default
51726,58,Salaried,1772406,1013379,17,484,2,23399,Education,No Default
51727,51,Salaried,1112136,703500,7,575,2,22036,Business,No Default
51728,49,Self-Employed,1994588,743204,20,828,4,51941,Personal,No Default
51729,60,Unemployed,1718080,1109630,5,735,3,28656,Personal,No Default
51730,29,Salaried,303464,1291470,12,559,1,35348,Education,No Default
51731,21,Salaried,908476,839329,17,544,4,28617,Business,No Default
51732,36,Salaried,1159196,583825,2,637,4,43311,Education,No Default
51733,58,Salaried,907155,369469,28,349,0,33766,Home,No Default
51734,43,Self-Employed,1451862,976185,4,571,2,75097,Home,No Default
51735,28,Salaried,141503,1218516,2,534,3,20266,Personal,No Default
51736,32,Salaried,1892947,1434107,14,883,1,6345,Education,Default
51737,30,Salaried,1572035,926969,14,855,1,19644,Education,No Default
51738,36,Salaried,1050364,1440841,13,605,4,74583,Personal,No Default
51739,63,Salaried,823311,941964,17,776,1,67767,Home,No Default
51740,44,Salaried,1808190,359182,26,787,1,49531,Business,No Default
51741,59,Self-Employed,1093677,907563,17,379,4,76684,Business,Default
51742,28,Salaried,255582,880123,22,585,2,39497,Home,No Default
51743,31,Salaried,202837,1020647,18,860,0,46889,Personal,No Default
51744,61,Salaried,1875988,1301646,3,397,2,21920,Personal,No Default
51745,46,Salaried,1742801,980811,21,777,2,56271,Business,No Default
51746,27,Salaried,1643128,482352,16,705,0,71850,Business,No Default
51747,35,Salaried,263194,1352950,19,836,4,59657,Home,No Default
51748,35,Self-Employed,1076821,339675,6,867,2,5474,Home,No Default
51749,23,Salaried,971641,742070,23,554,3,26039,Education,No Default
51750,36,Self-Employed,1847272,477784,26,786,3,16104,Home,No Default
51751,35,Salaried,1605120,326558,6,493,0,19786,Home,No Default
51752,45,Salaried,776182,1029798,18,815,3,48716,Business,Default
51753,53,Self-Employed,434547,1261371,9,763,4,46358,Business,No Default
51754,34,Salaried,1195520,406716,18,803,1,53269,Education,No Default
51755,44,Salaried,660290,846693,6,335,4,24193,Business,No Default
51756,31,Salaried,581133,642201,9,315,0,18791,Business,Default
51757,23,Salaried,1690381,810987,25,889,1,73216,Business,No Default
51758,29,Salaried,1750230,232327,18,372,3,8224,Home,Default
51759,26,Salaried,1421309,1464044,25,619,2,29685,Business,No Default
51760,51,Unemployed,1208693,733779,16,544,3,20476,Personal,No Default
51761,36,Self-Employed,751628,831789,24,494,4,78598,Home,No Default
51762,31,Salaried,1732128,381451,23,388,4,3484,Business,No Default
51763,37,Salaried,1969838,1310057,13,438,0,21760,Home,No Default
51764,23,Salaried,1732408,157030,11,862,2,8326,Business,No Default
51765,39,Salaried,628915,1270988,8,696,2,35234,Education,No Default
51766,44,Self-Employed,488038,396214,26,783,1,72469,Education,No Default
51767,62,Salaried,218159,1135468,24,686,1,35742,Education,No Default
51768,28,Salaried,1407699,655245,17,667,4,47678,Business,No Default
51769,56,Unemployed,473590,1195786,9,757,0,72723,Education,No Default
51770,60,Self-Employed,822240,448383,6,721,4,58624,Home,No Default
51771,22,Self-Employed,780814,365345,1,531,2,70187,Education,No Default
51772,43,Self-Employed,1933555,99698,1,838,2,16963,Education,No Default
51773,60,Self-Employed,1603598,311677,13,643,4,8238,Education,No Default
51774,50,Salaried,1220210,799088,7,437,2,60028,Education,Default
51775,45,Salaried,1574021,267414,10,673,1,49900,Home,No Default
51776,27,Salaried,464255,375897,18,736,2,62494,Personal,No Default
51777,48,Salaried,1775904,1174055,6,454,1,66791,Education,No Default
51778,61,Self-Employed,383485,1300008,13,818,3,50788,Business,No Default
51779,37,Salaried,1950383,1425407,5,414,0,43328,Personal,No Default
51780,52,Salaried,195642,741243,21,391,0,57574,Education,No Default
51781,21,Salaried,542956,1492010,26,645,2,63790,Personal,No Default
51782,47,Salaried,1643979,1131469,15,893,0,73583,Business,Default
51783,64,Self-Employed,1633233,587457,12,824,3,57701,Business,Default
51784,56,Salaried,1738491,1407178,22,883,2,74125,Education,No Default
51785,27,Salaried,739433,488590,11,390,1,14805,Education,No Default
51786,23,Salaried,881581,1288320,8,697,3,68880,Business,No Default
51787,50,Self-Employed,686803,649239,5,404,3,29331,Home,No Default
51788,21,Self-Employed,626172,316324,8,895,0,76860,Personal,No Default
51789,54,Salaried,1489688,1005432,5,839,1,75075,Home,No Default
51790,58,Unemployed,212586,265762,10,578,4,42632,Education,No Default
51791,63,Unemployed,185041,541361,15,311,3,15225,Home,No Default
51792,56,Unemployed,1228314,1370486,6,606,0,54218,Home,No Default
51793,53,Self-Employed,1486487,51942,24,663,3,41859,Personal,Default
51794,63,Unemployed,205946,879806,18,617,1,61755,Education,No Default
51795,36,Salaried,1975728,378934,23,837,1,28496,Personal,No Default
51796,58,Self-Employed,1682459,1394475,3,513,2,2958,Business,No Default
51797,31,Unemployed,185623,392603,9,613,4,67457,Personal,No Default
51798,28,Unemployed,563234,409362,10,754,4,20317,Personal,No Default
51799,21,Self-Employed,1162494,1073919,7,698,0,15584,Business,Default
51800,34,Salaried,228660,795235,19,521,4,40495,Home,No Default
51801,50,Salaried,1964992,432185,24,879,1,28592,Personal,Default
51802,41,Salaried,470432,160397,26,561,4,39917,Business,No Default
51803,41,Self-Employed,377957,817404,2,795,0,58308,Education,No Default
51804,54,Salaried,1183575,1373838,26,429,3,39742,Home,No Default
51805,58,Salaried,158115,163305,28,458,4,22321,Business,No Default
51806,46,Salaried,843061,1067179,8,590,4,38029,Home,No Default
51807,61,Salaried,1845100,214200,7,842,1,30858,Business,No Default
51808,34,Unemployed,1882713,58104,28,388,1,43838,Personal,No Default
51809,60,Self-Employed,1257291,654010,5,631,3,40336,Home,No Default
51810,55,Self-Employed,571864,700369,4,805,2,66597,Personal,No Default
51811,62,Salaried,1501053,803158,11,429,4,6768,Business,Default
51812,38,Self-Employed,1878855,1417960,26,506,1,79422,Personal,Default
51813,40,Salaried,381843,1323650,28,659,2,7177,Personal,No Default
51814,29,Salaried,1291129,1330735,10,358,4,33761,Business,Default
51815,61,Unemployed,1612503,344975,1,395,4,75582,Personal,No Default
51816,53,Self-Employed,1756382,1095899,29,545,2,52022,Personal,No Default
51817,24,Self-Employed,786694,789508,4,758,1,33883,Personal,No Default
51818,24,Salaried,552468,1289626,22,444,3,8601,Education,No Default
51819,36,Salaried,743238,807513,6,609,4,76433,Education,Default
51820,46,Salaried,1494182,1168050,18,833,0,21073,Education,No Default
51821,26,Salaried,501549,812435,25,680,0,58261,Home,No Default
51822,57,Salaried,165625,138233,13,652,0,45219,Personal,No Default
51823,42,Salaried,1898033,193681,13,584,3,6581,Personal,No Default
51824,62,Salaried,382934,565690,1,801,4,41802,Personal,No Default
51825,59,Salaried,498706,470205,4,557,1,31698,Home,No Default
51826,27,Unemployed,1196631,1280925,4,351,1,53119,Home,No Default
51827,62,Self-Employed,1519479,1077769,18,849,3,76980,Business,No Default
51828,50,Self-Employed,1094744,941132,24,515,4,76980,Personal,No Default
51829,30,Salaried,1004826,1432492,27,745,2,62393,Business,Default
51830,35,Salaried,198163,1401297,18,522,2,7080,Business,No Default
51831,26,Salaried,1821529,291334,18,404,4,66652,Home,Default
51832,44,Salaried,793106,184177,15,821,4,70664,Education,No Default
51833,22,Salaried,398136,151856,18,682,1,64577,Home,No Default
51834,60,Salaried,1710488,659683,15,413,3,24206,Home,No Default
51835,35,Self-Employed,714001,182910,17,368,3,32450,Education,No Default
51836,41,Salaried,777983,533549,29,664,1,46569,Education,No Default
51837,38,Self-Employed,1663333,860869,5,343,0,11811,Home,No Default
51838,25,Unemployed,715759,1050319,11,510,2,52496,Personal,No Default
51839,45,Salaried,347298,1087801,16,575,4,79641,Business,No Default
51840,56,Salaried,1804084,121449,20,406,2,13960,Personal,Default
51841,30,Self-Employed,1557055,954531,2,778,2,58832,Business,No Default
51842,43,Salaried,1435169,1255208,17,504,3,20162,Personal,Default
51843,44,Salaried,1279246,1265306,1,418,1,70639,Education,No Default
51844,30,Self-Employed,582835,228427,18,785,0,40634,Personal,No Default
51845,26,Unemployed,983570,93003,17,408,0,7530,Home,Default
51846,33,Self-Employed,281649,1081531,25,753,1,70624,Business,Default
51847,41,Salaried,216405,1360222,18,538,2,25128,Business,No Default
51848,52,Salaried,404458,100560,19,307,1,72707,Personal,Default
51849,63,Salaried,1293186,168560,25,811,1,6465,Education,No Default
51850,35,Salaried,1392067,1185173,5,342,4,31998,Home,No Default
51851,22,Salaried,1110021,1419399,13,693,4,29333,Education,Default
51852,35,Salaried,1331435,749957,24,431,2,67886,Home,No Default
51853,37,Unemployed,1656284,970962,23,693,3,8522,Home,No Default
51854,40,Self-Employed,1216475,611453,6,857,0,48518,Home,No Default
51855,26,Self-Employed,296318,662091,13,497,4,37320,Personal,No Default
51856,35,Unemployed,1438228,1424714,18,763,2,58307,Home,No Default
51857,37,Salaried,1264765,982086,29,420,1,75087,Home,No Default
51858,46,Salaried,822347,851255,4,599,4,50975,Home,No Default
51859,42,Self-Employed,345571,1491523,9,519,1,35819,Business,No Default
51860,29,Unemployed,403553,90856,23,393,1,59630,Business,No Default
51861,32,Salaried,871883,843838,3,591,4,78406,Personal,No Default
51862,42,Salaried,639468,342763,22,452,2,58662,Personal,No Default
51863,43,Self-Employed,505593,1498863,24,824,0,5558,Business,No Default
51864,57,Salaried,1978556,1251500,24,721,2,65082,Business,No Default
51865,34,Salaried,751439,1341030,8,457,3,66762,Home,Default
51866,44,Salaried,224323,492088,13,569,3,75834,Business,Default
51867,28,Unemployed,1727867,157871,24,879,0,53705,Personal,No Default
51868,46,Salaried,1147175,715504,26,556,3,5513,Personal,No Default
51869,52,Self-Employed,283172,552969,22,814,1,11460,Home,No Default
51870,48,Salaried,1955327,1284486,11,536,3,57374,Education,No Default
51871,52,Salaried,1048189,1315064,10,744,4,27316,Education,No Default
51872,42,Unemployed,1001069,62349,11,470,1,75189,Business,Default
51873,29,Salaried,1958222,1478880,3,569,2,67558,Home,No Default
51874,23,Salaried,1201437,863925,25,366,0,51512,Business,Default
51875,45,Salaried,720937,401290,14,307,4,30669,Home,No Default
51876,59,Self-Employed,314281,578849,14,855,4,59560,Business,No Default
51877,32,Salaried,1722519,538596,19,747,0,33709,Personal,Default
51878,49,Salaried,852773,1425405,28,434,3,67270,Personal,No Default
51879,23,Self-Employed,288175,999309,28,324,0,19011,Education,No Default
51880,61,Salaried,481883,1241078,4,764,0,21651,Education,No Default
51881,43,Salaried,725689,1376761,26,673,3,2566,Business,Default
51882,43,Self-Employed,1260468,1209983,1,495,2,38526,Personal,Default
51883,38,Salaried,1101571,584555,2,701,0,4020,Business,Default
51884,31,Salaried,1944665,389539,6,421,3,71066,Personal,Default
51885,56,Salaried,216585,1305557,13,858,4,20890,Home,No Default
51886,46,Unemployed,1391293,990101,14,508,0,79283,Personal,No Default
51887,28,Salaried,1316132,158454,28,600,0,77919,Education,No Default
51888,48,Salaried,1964585,1253637,1,814,2,45882,Personal,No Default
51889,38,Self-Employed,802959,855435,28,833,2,27304,Business,Default
51890,33,Salaried,654846,1407991,25,338,4,49742,Home,No Default
51891,56,Salaried,993578,1377681,8,505,2,64124,Education,No Default
51892,62,Salaried,850565,1021899,18,882,4,35373,Home,Default
51893,60,Self-Employed,848734,1161252,14,711,0,40451,Education,No Default
51894,64,Salaried,1932838,1012741,2,632,3,54754,Education,No Default
51895,32,Self-Employed,232282,615318,24,507,2,15669,Home,No Default
51896,42,Self-Employed,688095,116091,12,704,4,74940,Home,Default
51897,22,Salaried,304666,1140754,27,687,2,22754,Personal,No Default
51898,60,Salaried,1585096,1489011,24,786,2,6847,Personal,No Default
51899,48,Unemployed,460379,641736,1,681,1,40446,Education,No Default
51900,33,Salaried,1618791,481403,21,570,0,62489,Personal,No Default
51901,53,Salaried,364987,822413,15,736,2,71589,Personal,No Default
51902,23,Salaried,835231,1212322,11,729,3,68245,Education,No Default
51903,54,Salaried,906266,734860,18,644,1,2922,Personal,No Default
51904,43,Salaried,1241839,719047,17,448,4,52261,Home,No Default
51905,52,Salaried,808030,1187824,3,691,4,38360,Business,No Default
51906,40,Salaried,1876116,1026248,15,486,3,14790,Home,No Default
51907,48,Salaried,210850,556991,13,319,3,16567,Business,No Default
51908,28,Self-Employed,1387780,193937,3,637,0,22343,Home,No Default
51909,23,Unemployed,1627572,259527,13,672,3,57793,Business,No Default
51910,50,Salaried,183064,1264742,26,366,4,33142,Business,No Default
51911,45,Salaried,938710,530688,9,738,0,3490,Personal,No Default
51912,50,Salaried,1975436,1409507,10,361,3,62928,Education,No Default
51913,49,Salaried,165553,998465,1,785,3,30426,Home,No Default
51914,50,Salaried,1482255,686125,27,867,4,36048,Personal,No Default
51915,54,Salaried,1625368,257630,2,384,0,49578,Home,No Default
51916,45,Unemployed,1095437,65297,25,705,1,33723,Home,Default
51917,37,Salaried,1587178,893037,14,694,1,18178,Business,No Default
51918,44,Salaried,1920220,657192,5,823,0,63286,Business,Default
51919,58,Salaried,1534545,398163,25,475,3,39622,Education,Default
51920,48,Salaried,1837991,1243280,22,658,3,43834,Business,No Default
51921,53,Self-Employed,1706066,472919,10,838,0,10055,Home,Default
51922,56,Salaried,544403,427907,26,590,1,26687,Business,No Default
51923,27,Unemployed,925640,1144797,19,429,2,57318,Personal,Default
51924,43,Salaried,1711669,1217161,8,778,4,41848,Personal,No Default
51925,46,Salaried,1582366,1209946,13,831,0,42829,Business,No Default
51926,34,Unemployed,1463080,1467495,9,563,2,75929,Education,No Default
51927,62,Salaried,1641709,1050535,18,802,4,45613,Business,No Default
51928,48,Salaried,1255790,1386479,25,459,2,11581,Personal,No Default
51929,44,Self-Employed,1324586,137000,4,837,2,47101,Home,No Default
51930,27,Salaried,1893020,1346411,8,380,4,26940,Home,No Default
51931,56,Self-Employed,1328172,373087,5,712,2,70907,Home,No Default
51932,59,Salaried,610135,1291897,29,774,1,13016,Personal,No Default
51933,35,Salaried,1327163,398006,6,317,0,24943,Personal,No Default
51934,23,Salaried,1783032,1000543,20,368,1,56617,Home,No Default
51935,22,Unemployed,977284,829363,5,429,1,78585,Education,No Default
51936,27,Salaried,1744095,1471195,28,609,4,4237,Education,No Default
51937,36,Salaried,572389,558093,1,786,4,67263,Home,No Default
51938,41,Salaried,1227990,1090929,28,314,4,71980,Home,No Default
51939,29,Salaried,1927620,650357,19,795,2,22852,Personal,No Default
51940,32,Salaried,1906752,1489699,4,485,2,7758,Business,No Default
51941,49,Salaried,1128977,1467166,1,716,0,46322,Personal,No Default
51942,44,Self-Employed,104886,262757,29,731,2,47003,Business,No Default
51943,53,Salaried,628059,349855,19,365,0,11176,Business,No Default
51944,34,Salaried,1506903,1292455,4,380,1,31658,Business,Default
51945,63,Salaried,1207646,1181264,14,335,0,7674,Business,No Default
51946,38,Salaried,482855,605060,14,316,0,19910,Home,Default
51947,25,Self-Employed,1580464,1388027,9,813,4,29948,Business,No Default
51948,35,Salaried,1457406,186238,19,332,2,57941,Business,No Default
51949,27,Salaried,933625,698178,11,648,3,68572,Business,No Default
51950,45,Salaried,704918,581877,16,679,3,29749,Personal,No Default
51951,34,Self-Employed,840792,443680,19,807,4,28678,Personal,No Default
51952,60,Unemployed,1764074,576888,4,566,1,69766,Personal,No Default
51953,56,Salaried,1536221,518396,9,816,1,19426,Education,No Default
51954,55,Salaried,1455485,711486,25,784,1,47418,Personal,No Default
51955,64,Salaried,1850282,1498943,17,646,0,42709,Education,No Default
51956,44,Salaried,1798754,389340,15,742,2,30680,Personal,No Default
51957,35,Salaried,455239,832529,8,677,1,8168,Education,Default
51958,31,Unemployed,779847,181137,26,872,3,71191,Personal,No Default
51959,44,Salaried,1537304,1027450,13,657,0,49076,Home,No Default
51960,31,Self-Employed,1618903,928269,1,837,1,3080,Personal,No Default
51961,64,Salaried,1756628,390568,2,509,1,79333,Education,No Default
51962,37,Self-Employed,754818,1018560,10,341,2,51975,Business,No Default
51963,26,Salaried,1667771,712553,27,312,2,38018,Personal,No Default
51964,41,Salaried,934901,245682,21,899,0,69651,Business,No Default
51965,28,Unemployed,587849,693547,27,788,3,75775,Business,No Default
51966,35,Salaried,801298,650825,13,486,4,13927,Personal,No Default
51967,52,Salaried,514481,111434,11,362,3,2944,Personal,No Default
51968,30,Self-Employed,1951926,892557,14,635,2,54420,Home,No Default
51969,48,Salaried,1188921,373665,16,854,2,21503,Education,No Default
51970,35,Salaried,1613058,663773,28,374,4,24456,Personal,No Default
51971,32,Self-Employed,1812412,1314315,29,448,3,12175,Education,No Default
51972,63,Unemployed,402899,1081560,6,506,3,26930,Personal,No Default
51973,38,Self-Employed,1945869,607099,2,540,4,5305,Business,Default
51974,57,Salaried,554346,736903,26,874,2,55947,Business,No Default
51975,64,Self-Employed,469143,1004114,5,534,0,41537,Personal,No Default
51976,44,Self-Employed,1611469,1496497,19,424,3,35136,Education,No Default
51977,57,Self-Employed,293982,1247920,7,556,1,29562,Education,No Default
51978,49,Self-Employed,1571631,1130410,28,391,3,46953,Business,No Default
51979,30,Salaried,1403064,1308824,28,506,3,78730,Education,No Default
51980,34,Salaried,943837,1180124,17,716,3,77624,Education,Default
51981,36,Salaried,1236357,309485,5,587,2,53699,Home,No Default
51982,57,Unemployed,416497,373380,12,514,1,21194,Business,No Default
51983,31,Salaried,118767,1038923,19,811,3,55349,Education,No Default
51984,46,Unemployed,1468274,730655,27,872,0,63241,Home,No Default
51985,60,Unemployed,577583,1312258,18,667,1,72551,Personal,No Default
51986,39,Unemployed,858468,1409657,28,700,4,37629,Home,No Default
51987,38,Unemployed,749562,1105418,12,500,0,47251,Home,No Default
51988,50,Self-Employed,1785483,278164,3,880,4,15895,Home,No Default
51989,52,Self-Employed,840549,975805,26,584,3,60549,Home,No Default
51990,43,Self-Employed,1288216,415006,4,362,2,60918,Home,No Default
51991,32,Salaried,521071,1261227,15,660,3,14792,Home,No Default
51992,33,Salaried,1794516,1107404,15,486,3,65406,Personal,No Default
51993,41,Salaried,205366,364624,11,782,4,17430,Personal,No Default
51994,41,Salaried,1725514,940048,2,670,3,41130,Business,No Default
51995,49,Salaried,451722,1295810,18,320,0,44500,Business,No Default
51996,49,Unemployed,1565622,1027354,3,607,2,73844,Personal,No Default
51997,47,Self-Employed,1828403,766593,18,345,4,71120,Personal,No Default
51998,49,Salaried,551346,1317181,14,493,1,63397,Business,No Default
51999,35,Self-Employed,1575292,1262239,6,356,3,56455,Home,No Default
52000,32,Salaried,1464935,1250351,2,853,4,53078,Education,No Default
52001,61,Salaried,423356,1251993,1,756,3,33088,Home,No Default
52002,39,Self-Employed,992049,1371790,8,632,3,71055,Personal,No Default
52003,32,Salaried,1041124,389224,10,315,4,11597,Business,No Default
52004,43,Self-Employed,1134891,692953,20,812,0,4013,Business,Default
52005,25,Salaried,669865,1482908,18,449,1,15465,Home,No Default
52006,46,Salaried,462606,1116594,20,512,3,67569,Business,No Default
52007,30,Self-Employed,357572,1208548,11,690,0,29487,Personal,No Default
52008,42,Salaried,1791216,904511,18,580,3,68939,Personal,No Default
52009,59,Unemployed,159999,1433609,27,838,3,5219,Education,No Default
52010,43,Salaried,748246,506435,16,641,0,10077,Personal,No Default
52011,31,Salaried,1828131,588451,5,636,3,4710,Education,No Default
52012,48,Unemployed,1061758,310583,7,374,1,28178,Education,No Default
52013,51,Unemployed,1212959,902959,22,392,4,48994,Home,No Default
52014,28,Salaried,783582,993808,2,845,0,14964,Business,No Default
52015,59,Salaried,1546411,617276,11,414,2,30288,Personal,No Default
52016,48,Self-Employed,307111,525624,13,720,3,32714,Business,No Default
52017,36,Salaried,394431,779075,20,412,4,5602,Education,No Default
52018,51,Salaried,350323,1233800,24,667,1,6096,Personal,No Default
52019,61,Self-Employed,683216,99663,28,359,1,73652,Business,No Default
52020,36,Salaried,1802759,929863,16,581,2,31610,Personal,No Default
52021,25,Salaried,1593950,142263,14,536,1,68815,Home,Default
52022,55,Salaried,120428,732540,7,344,4,67585,Personal,No Default
52023,45,Unemployed,1724002,1092491,7,496,2,40419,Education,No Default
52024,33,Salaried,856834,825745,12,798,0,44734,Personal,No Default
52025,49,Self-Employed,1274182,1169790,12,882,2,8539,Home,No Default
52026,47,Salaried,713681,271554,20,748,0,23754,Home,No Default
52027,60,Salaried,904564,1277144,1,494,1,6223,Business,No Default
52028,37,Salaried,1491814,506498,23,494,4,29320,Home,No Default
52029,57,Salaried,1329557,251309,6,874,3,51339,Education,No Default
52030,58,Salaried,1927993,406461,8,881,2,7302,Home,No Default
52031,49,Salaried,1698559,1294551,27,609,1,65046,Business,No Default
52032,54,Self-Employed,491742,1373780,13,890,4,23241,Home,No Default
52033,50,Self-Employed,764257,1059917,5,847,3,35434,Home,Default
52034,51,Salaried,843334,125558,24,688,2,58731,Personal,Default
52035,42,Self-Employed,1563105,1007991,10,734,4,43892,Business,No Default
52036,45,Self-Employed,603142,817779,27,795,1,32798,Personal,No Default
52037,24,Salaried,1085901,564813,14,500,2,7138,Business,Default
52038,55,Salaried,546862,487351,24,833,2,71676,Business,No Default
52039,61,Salaried,1576367,1281462,9,596,0,50901,Business,No Default
52040,64,Salaried,1502231,1362055,17,793,0,15533,Business,No Default
52041,29,Salaried,299257,1453448,3,630,2,35385,Business,Default
52042,46,Salaried,1939431,497418,12,560,4,51944,Business,No Default
52043,47,Salaried,1395631,1224399,12,354,1,60594,Home,No Default
52044,47,Unemployed,1846516,1423284,11,581,3,79721,Home,No Default
52045,38,Self-Employed,426950,296521,22,741,0,69980,Home,No Default
52046,50,Salaried,659498,308985,29,558,1,12514,Education,Default
52047,51,Unemployed,304247,560035,4,861,2,22617,Business,No Default
52048,62,Salaried,1413315,300574,8,445,1,3350,Home,No Default
52049,23,Self-Employed,800492,836149,10,690,1,49318,Business,Default
52050,49,Salaried,1657552,1015475,14,672,1,53358,Personal,No Default
52051,27,Salaried,1218187,640125,1,344,2,63178,Education,No Default
52052,38,Salaried,590993,1094408,12,696,0,77805,Business,No Default
52053,36,Salaried,1223753,982407,5,561,3,60465,Home,No Default
52054,52,Salaried,710150,666988,14,778,4,2608,Education,No Default
52055,58,Salaried,1445259,293803,4,864,0,78657,Personal,No Default
52056,45,Salaried,1989835,937437,28,784,3,50650,Business,No Default
52057,64,Salaried,412313,747795,17,815,2,41834,Education,No Default
52058,52,Self-Employed,988428,1219478,26,871,3,2167,Business,No Default
52059,39,Salaried,685856,645468,22,883,2,50338,Education,No Default
52060,23,Self-Employed,577487,579808,26,785,3,41543,Home,No Default
52061,55,Self-Employed,1714959,83436,13,886,0,5256,Business,No Default
52062,49,Salaried,708980,576416,3,765,2,4479,Business,No Default
52063,31,Salaried,854575,1310643,11,765,1,63478,Business,Default
52064,26,Unemployed,764367,1334690,11,321,2,43939,Home,No Default
52065,39,Salaried,805485,132137,5,695,2,29010,Education,Default
52066,57,Self-Employed,1060426,1158851,6,508,3,10982,Home,No Default
52067,47,Salaried,684498,1201100,4,862,2,52626,Personal,No Default
52068,25,Salaried,1339402,992280,10,444,3,59277,Personal,No Default
52069,46,Salaried,1948385,1064785,10,719,0,78176,Personal,No Default
52070,55,Salaried,1266366,284515,12,648,2,75276,Education,No Default
52071,39,Self-Employed,484294,933670,22,604,1,27702,Business,Default
52072,37,Self-Employed,232872,1295905,23,343,1,61094,Education,No Default
52073,55,Unemployed,117192,943879,18,406,0,63541,Personal,No Default
52074,33,Salaried,1596382,150185,15,449,1,23134,Education,Default
52075,34,Salaried,1186477,240643,23,563,3,13353,Business,No Default
52076,50,Salaried,1411689,952552,23,409,2,78917,Business,No Default
52077,63,Unemployed,267919,530317,18,317,4,17238,Education,No Default
52078,37,Salaried,1986039,1051744,3,635,2,64766,Personal,No Default
52079,57,Salaried,1885073,1370688,3,538,2,48596,Business,Default
52080,35,Unemployed,1916928,130634,1,627,4,16422,Personal,No Default
52081,38,Salaried,1971095,171865,17,593,1,31638,Business,No Default
52082,34,Salaried,137473,910858,10,712,1,49990,Personal,Default
52083,34,Salaried,1581171,700136,27,760,2,72264,Education,No Default
52084,53,Salaried,917087,765291,6,380,1,66756,Home,No Default
52085,58,Unemployed,1032763,197915,25,554,3,63285,Home,No Default
52086,31,Salaried,1129793,141196,25,662,3,64553,Personal,No Default
52087,31,Salaried,1648163,761737,11,756,4,26029,Business,No Default
52088,46,Salaried,1194390,861307,14,742,2,53851,Education,No Default
52089,23,Salaried,613861,109888,17,832,3,59226,Business,Default
52090,45,Salaried,954457,305227,28,537,0,20384,Home,No Default
52091,37,Salaried,1926133,598813,7,560,1,32089,Home,No Default
52092,42,Salaried,1517731,677967,22,572,2,35007,Education,No Default
52093,49,Salaried,875985,1151180,4,579,3,69726,Personal,No Default
52094,46,Self-Employed,546212,1056736,11,449,4,65182,Education,No Default
52095,54,Salaried,954858,1006703,19,451,3,39459,Home,No Default
52096,46,Self-Employed,800460,476972,9,872,0,67411,Education,No Default
52097,29,Salaried,1117250,1385509,26,311,3,4015,Home,No Default
52098,60,Salaried,633235,722275,21,313,2,55901,Business,No Default
52099,31,Unemployed,1314666,702863,8,810,4,2030,Home,Default
52100,27,Salaried,1148266,895760,20,841,4,8601,Home,No Default
52101,50,Salaried,871956,60410,4,744,0,26389,Education,No Default
52102,22,Salaried,1904826,800105,16,617,2,45098,Education,No Default
52103,50,Salaried,1517601,587862,6,537,0,53978,Education,Default
52104,24,Salaried,427605,1195633,6,838,0,19231,Business,Default
52105,34,Salaried,646798,767475,19,373,0,51943,Education,No Default
52106,33,Self-Employed,729365,275669,2,733,3,26276,Business,No Default
52107,45,Salaried,246145,1268980,11,597,1,47795,Personal,No Default
52108,33,Self-Employed,239262,1158029,25,595,3,65344,Education,Default
52109,33,Salaried,1185431,1462084,18,313,2,75513,Education,No Default
52110,57,Salaried,617587,1212111,9,694,0,16294,Personal,No Default
52111,64,Self-Employed,1186422,1129355,28,490,0,64996,Personal,No Default
52112,26,Salaried,1025646,324751,16,720,1,11204,Personal,Default
52113,46,Self-Employed,716367,240515,11,405,4,24352,Home,No Default
52114,34,Salaried,1652588,226784,14,693,0,53067,Home,No Default
52115,28,Salaried,1463190,1406603,8,737,3,25613,Home,No Default
52116,44,Self-Employed,1118846,749088,27,306,0,25704,Personal,No Default
52117,42,Self-Employed,1079309,1090889,13,380,2,10133,Business,No Default
52118,60,Salaried,179949,795097,10,784,1,64949,Education,Default
52119,59,Self-Employed,625056,166888,23,656,4,59321,Home,No Default
52120,41,Self-Employed,1175831,1107809,12,610,2,56200,Personal,No Default
52121,63,Salaried,1976954,1077135,21,805,3,45816,Education,No Default
52122,46,Unemployed,882752,1230144,29,818,2,22861,Home,No Default
52123,30,Self-Employed,602818,1194555,3,748,0,18479,Personal,No Default
52124,33,Salaried,498773,1038570,2,584,1,76639,Education,No Default
52125,62,Salaried,536535,1154697,11,581,0,31458,Home,No Default
52126,34,Unemployed,1137454,84421,24,373,1,79034,Home,No Default
52127,29,Salaried,1394532,221086,18,344,3,22820,Home,Default
52128,27,Salaried,979588,1014332,24,828,2,76446,Home,Default
52129,59,Salaried,118691,277142,21,756,1,45964,Home,No Default
52130,51,Salaried,1510413,174586,25,874,2,57833,Personal,Default
52131,36,Salaried,1908979,620855,4,706,1,60717,Education,No Default
52132,28,Self-Employed,1596255,1180739,8,392,0,25399,Home,No Default
52133,35,Self-Employed,1135750,986143,29,621,1,25758,Education,No Default
52134,45,Salaried,1093813,272858,11,765,1,9658,Home,No Default
52135,58,Self-Employed,1027767,1297876,15,853,4,57162,Personal,No Default
52136,61,Salaried,1856078,318217,23,626,3,22065,Personal,No Default
52137,35,Salaried,965354,942966,28,882,0,53961,Education,No Default
52138,45,Salaried,581133,249855,24,867,0,49467,Home,No Default
52139,27,Self-Employed,1781029,400685,21,890,2,13411,Personal,No Default
52140,46,Salaried,574010,657823,2,714,1,64408,Home,No Default
52141,28,Salaried,125993,1016876,23,798,1,34697,Home,No Default
52142,38,Salaried,1143110,1374880,19,739,1,17162,Business,No Default
52143,41,Self-Employed,738409,490594,15,731,0,73571,Personal,No Default
52144,36,Self-Employed,1646349,725515,29,627,4,24510,Education,No Default
52145,23,Salaried,204537,745449,26,556,2,59848,Education,No Default
52146,21,Salaried,1685188,1334558,26,853,1,48925,Home,No Default
52147,33,Self-Employed,192981,82398,26,373,4,73664,Home,No Default
52148,52,Self-Employed,1866368,1025098,28,533,3,28841,Home,Default
52149,32,Salaried,257234,491821,27,820,0,40746,Business,No Default
52150,51,Self-Employed,956635,549348,26,842,3,70520,Home,Default
52151,61,Unemployed,1671399,259314,13,557,0,21180,Home,No Default
52152,22,Salaried,1705247,689482,2,528,2,7444,Education,No Default
52153,61,Salaried,776146,211395,3,544,3,71344,Business,Default
52154,28,Salaried,548573,665268,14,726,2,76216,Education,No Default
52155,45,Self-Employed,882640,1212442,20,755,2,48487,Business,No Default
52156,25,Salaried,1879890,1127142,26,772,2,25327,Business,No Default
52157,22,Salaried,1310907,1140705,13,862,3,28834,Personal,No Default
52158,62,Self-Employed,1066383,584270,27,473,3,63698,Personal,Default
52159,58,Self-Employed,262723,1074423,23,374,3,27826,Personal,No Default
52160,59,Salaried,572807,151359,26,398,1,73654,Education,Default
52161,23,Salaried,947512,781071,16,812,2,16707,Personal,No Default
52162,58,Salaried,698947,103074,12,423,1,26975,Personal,No Default
52163,42,Salaried,1319404,1223853,1,416,0,14596,Education,No Default
52164,60,Self-Employed,1424475,1130761,6,642,3,55207,Business,No Default
52165,53,Salaried,1066208,1051381,13,532,4,38867,Business,No Default
52166,52,Salaried,1511016,759838,22,428,0,5817,Home,No Default
52167,37,Self-Employed,1848602,1310971,24,673,2,28849,Home,No Default
52168,38,Salaried,320195,117325,2,874,2,74018,Personal,No Default
52169,23,Salaried,1974669,171089,18,535,1,76853,Education,No Default
52170,26,Salaried,963709,574872,17,489,3,57353,Business,No Default
52171,33,Self-Employed,1524413,220018,19,467,3,24284,Education,Default
52172,51,Salaried,1761666,1216464,23,590,0,53755,Home,No Default
52173,37,Salaried,779214,310525,15,640,0,13691,Personal,No Default
52174,41,Salaried,312314,1345678,8,694,0,3565,Home,No Default
52175,36,Self-Employed,948668,883755,23,773,4,43878,Home,No Default
52176,37,Salaried,404638,1325516,9,438,4,63965,Business,Default
52177,52,Salaried,946912,1042440,8,490,2,52467,Education,Default
52178,21,Unemployed,774418,425844,8,867,2,66556,Business,Default
52179,58,Unemployed,1742948,945750,11,818,2,6119,Business,No Default
52180,28,Unemployed,1309150,732383,18,350,3,49866,Home,No Default
52181,21,Salaried,817557,1237103,17,850,2,67777,Personal,No Default
52182,22,Self-Employed,1993212,244437,22,597,1,6332,Home,No Default
52183,57,Salaried,638551,472192,23,371,0,37837,Education,Default
52184,44,Salaried,298160,1159274,6,555,3,43253,Personal,No Default
52185,47,Salaried,1089054,1254749,23,608,4,50475,Business,No Default
52186,40,Salaried,969744,955622,24,390,0,15398,Education,No Default
52187,41,Salaried,901828,256182,2,448,2,39073,Education,No Default
52188,62,Salaried,650743,228553,1,329,4,27363,Education,No Default
52189,57,Self-Employed,214547,383746,10,761,4,54225,Education,No Default
52190,55,Salaried,1910812,997165,8,684,4,55222,Home,No Default
52191,58,Salaried,1465210,1251432,16,817,0,20660,Education,Default
52192,35,Salaried,231720,827401,24,672,3,64402,Home,No Default
52193,62,Unemployed,1652629,967028,14,496,0,14745,Personal,No Default
52194,50,Salaried,1111237,1168179,24,489,1,61604,Education,No Default
52195,24,Salaried,1204122,956188,16,378,2,12023,Home,No Default
52196,63,Salaried,1737260,545624,14,846,3,26961,Education,No Default
52197,59,Self-Employed,1881081,425606,26,371,3,58834,Personal,No Default
52198,35,Salaried,133588,976381,7,342,2,51679,Business,No Default
52199,43,Salaried,164202,1483214,18,432,1,36179,Personal,No Default
52200,61,Salaried,1148438,335182,20,405,4,62694,Business,Default
52201,35,Self-Employed,477303,1486149,9,656,2,56237,Home,No Default
52202,46,Salaried,615958,325013,24,307,4,22581,Personal,No Default
52203,32,Salaried,847488,192089,4,642,2,65052,Home,No Default
52204,38,Salaried,1623248,1364220,24,736,0,76953,Personal,No Default
52205,26,Unemployed,1525529,960973,26,379,1,22022,Education,No Default
52206,38,Salaried,1956837,1038770,29,855,1,71328,Business,No Default
52207,44,Salaried,1877167,497898,16,691,2,64855,Education,No Default
52208,58,Salaried,1776044,1429517,22,875,1,19224,Home,Default
52209,48,Salaried,971147,684921,11,587,4,2234,Education,No Default
52210,35,Salaried,661272,827312,9,412,1,51265,Business,No Default
52211,39,Salaried,610090,445197,17,525,1,5138,Business,Default
52212,25,Unemployed,298742,1443287,22,632,1,7159,Business,No Default
52213,24,Salaried,495393,1151651,11,716,3,59052,Business,No Default
52214,37,Self-Employed,774043,306656,20,577,2,51562,Business,No Default
52215,30,Salaried,1859069,65876,3,302,0,2066,Home,No Default
52216,32,Unemployed,1507762,183054,21,844,0,74082,Education,No Default
52217,25,Salaried,314375,769728,26,777,3,53405,Personal,Default
52218,27,Salaried,687564,645079,11,709,3,59684,Education,No Default
52219,64,Salaried,1684557,650573,8,606,0,10187,Education,No Default
52220,43,Self-Employed,1527376,80214,27,513,4,24337,Home,Default
52221,22,Self-Employed,1586414,52019,10,329,0,14169,Home,No Default
52222,50,Salaried,712852,501382,6,718,0,48131,Home,No Default
52223,57,Salaried,1345088,415122,17,836,2,78201,Home,Default
52224,25,Salaried,685579,384660,6,327,0,71840,Education,No Default
52225,40,Salaried,1151048,879956,7,386,0,56785,Business,No Default
52226,46,Salaried,1334294,495200,13,325,1,36778,Business,No Default
52227,64,Salaried,1229412,714572,6,419,3,36656,Home,Default
52228,64,Salaried,1441269,163518,3,691,0,69298,Personal,No Default
52229,59,Self-Employed,964986,401166,27,656,0,2002,Education,Default
52230,26,Self-Employed,1400242,268983,25,652,4,29765,Education,No Default
52231,49,Salaried,361887,1469238,13,314,0,54879,Personal,No Default
52232,30,Self-Employed,430790,70592,10,604,2,2763,Home,No Default
52233,36,Salaried,1752006,1003947,26,553,4,50522,Education,No Default
52234,54,Self-Employed,1812737,241299,4,819,0,26841,Personal,No Default
52235,51,Salaried,1010369,404075,5,485,2,12921,Business,No Default
52236,56,Self-Employed,209530,890280,21,686,3,51876,Personal,No Default
52237,61,Salaried,1630283,569857,19,799,0,21224,Personal,No Default
52238,25,Salaried,1928804,1050297,28,313,3,28989,Home,Default
52239,53,Self-Employed,1765222,881042,18,529,0,4475,Education,No Default
52240,63,Salaried,1792207,1390537,24,390,4,56279,Personal,No Default
52241,39,Salaried,362402,659636,7,703,4,73533,Education,No Default
52242,52,Salaried,500084,1186100,21,804,2,74322,Education,No Default
52243,43,Self-Employed,1155393,192180,29,303,1,78620,Home,Default
52244,23,Salaried,1449232,976723,1,518,2,23418,Business,No Default
52245,21,Salaried,1965864,430381,26,887,0,6465,Education,Default
52246,56,Salaried,1029596,1337653,17,515,3,72482,Home,No Default
52247,61,Salaried,1600051,1140778,24,458,3,12514,Home,No Default
52248,48,Salaried,1671751,532581,20,878,0,43006,Personal,Default
52249,59,Self-Employed,983068,1250384,29,672,1,5661,Education,No Default
52250,25,Salaried,1279147,893055,20,316,1,70100,Home,No Default
52251,33,Salaried,1070598,1158010,25,794,1,72463,Business,Default
52252,31,Salaried,968589,716469,18,765,0,62588,Personal,No Default
52253,42,Salaried,1708987,1187555,5,743,4,8179,Business,No Default
52254,43,Self-Employed,1075535,907617,22,380,4,4454,Home,No Default
52255,32,Salaried,566656,487957,6,465,0,38828,Personal,No Default
52256,41,Unemployed,1499241,633344,10,656,4,24188,Education,No Default
52257,39,Salaried,285930,273819,28,533,1,65975,Personal,Default
52258,25,Salaried,625446,792288,19,461,4,46723,Personal,Default
52259,44,Salaried,290545,766468,10,474,0,43738,Business,No Default
52260,50,Self-Employed,985330,253925,6,662,4,52942,Education,No Default
52261,28,Self-Employed,356653,1418657,10,675,4,15119,Home,No Default
52262,22,Salaried,1868656,558937,10,473,4,25872,Business,No Default
52263,54,Unemployed,1428854,295971,21,537,4,48152,Education,No Default
52264,43,Salaried,378930,260571,12,462,0,36369,Home,No Default
52265,23,Self-Employed,1239509,213075,24,537,2,31315,Personal,No Default
52266,44,Self-Employed,1070494,501965,4,531,4,5843,Education,No Default
52267,38,Self-Employed,1465750,317652,13,887,2,50512,Business,No Default
52268,57,Unemployed,634782,897587,26,816,0,5675,Home,No Default
52269,51,Self-Employed,1614818,647946,10,535,3,79585,Home,No Default
52270,34,Unemployed,1699137,336653,16,622,2,35773,Education,No Default
52271,21,Salaried,456184,861929,19,843,0,62044,Education,No Default
52272,34,Salaried,507976,180053,6,706,3,2231,Personal,No Default
52273,61,Salaried,662590,1037102,26,476,4,13845,Home,No Default
52274,25,Self-Employed,957254,358958,9,799,0,24960,Personal,No Default
52275,51,Salaried,1456260,778244,14,418,1,55738,Personal,No Default
52276,51,Salaried,1049934,156246,24,489,3,65150,Business,No Default
52277,50,Self-Employed,924851,706853,10,664,1,20517,Business,No Default
52278,56,Unemployed,611583,1291165,8,785,4,30412,Education,No Default
52279,21,Salaried,1807488,1051021,3,378,4,19607,Education,No Default
52280,23,Salaried,1470291,1343077,17,621,2,20587,Education,No Default
52281,40,Salaried,1651966,1115272,19,438,4,49860,Business,No Default
52282,63,Salaried,516838,1043674,3,635,2,11089,Personal,No Default
52283,63,Self-Employed,148829,1138030,14,701,3,49635,Personal,No Default
52284,41,Unemployed,1022500,1033043,28,525,1,9882,Business,No Default
52285,50,Salaried,920664,548581,6,565,3,28445,Education,No Default
52286,62,Salaried,424227,485061,29,632,1,33820,Education,No Default
52287,64,Self-Employed,1122090,558095,19,523,0,52503,Personal,No Default
52288,50,Salaried,940466,1116195,18,871,3,18555,Home,No Default
52289,25,Salaried,859909,208926,12,859,0,7524,Home,No Default
52290,30,Self-Employed,663667,226754,15,892,1,23241,Home,Default
52291,44,Self-Employed,1834938,967459,25,819,2,24201,Home,No Default
52292,59,Salaried,922300,619916,6,548,3,21817,Education,No Default
52293,26,Self-Employed,1349297,85171,21,720,3,37967,Business,No Default
52294,30,Salaried,388676,1137365,12,486,2,12090,Business,No Default
52295,62,Salaried,136861,893004,19,548,2,34266,Home,Default
52296,63,Salaried,829020,286110,7,426,4,19743,Business,No Default
52297,30,Salaried,1563027,926805,23,387,4,48837,Personal,No Default
52298,45,Salaried,321870,380049,20,344,1,18483,Home,No Default
52299,34,Salaried,1519252,344385,10,545,3,21826,Education,No Default
52300,59,Self-Employed,1283227,223966,18,710,2,54201,Home,No Default
52301,33,Salaried,289016,693403,2,517,2,15196,Personal,No Default
52302,31,Salaried,125619,1001531,13,726,0,28496,Business,No Default
52303,59,Salaried,1432549,1395542,15,314,4,59771,Business,Default
52304,31,Salaried,830467,197989,28,634,0,13159,Business,No Default
52305,36,Salaried,120912,1330071,24,836,2,29780,Education,No Default
52306,53,Salaried,1844270,330051,4,791,3,37775,Home,No Default
52307,61,Self-Employed,1321649,552377,7,591,3,15966,Education,No Default
52308,61,Salaried,1838277,224218,3,416,0,55654,Personal,No Default
52309,52,Salaried,505879,790737,25,891,4,15696,Education,No Default
52310,30,Salaried,1170680,1302276,16,768,1,65401,Home,Default
52311,35,Salaried,535539,613800,26,851,3,24574,Business,Default
52312,36,Unemployed,1590069,805604,9,892,1,47170,Business,No Default
52313,63,Salaried,1649298,1446376,23,686,4,39880,Business,No Default
52314,47,Salaried,342379,230296,23,882,0,53329,Business,No Default
52315,52,Self-Employed,1559432,1013972,17,492,4,69116,Education,No Default
52316,26,Salaried,248583,317501,26,400,2,60337,Home,No Default
52317,56,Salaried,1338015,534315,8,369,4,6590,Home,Default
52318,28,Self-Employed,800014,772241,18,473,0,18465,Home,No Default
52319,45,Self-Employed,1528192,63616,24,743,0,55002,Education,No Default
52320,27,Salaried,1243004,1435479,27,732,4,70548,Business,No Default
52321,37,Salaried,1990241,1477414,13,514,0,7301,Business,No Default
52322,50,Self-Employed,1776351,845854,2,836,2,52607,Home,No Default
52323,22,Salaried,1740701,189674,1,618,1,27773,Business,No Default
52324,37,Salaried,820120,494187,16,585,4,58104,Education,No Default
52325,24,Salaried,1933695,433626,16,524,0,65461,Personal,Default
52326,46,Salaried,1374681,794493,11,648,1,37880,Business,No Default
52327,34,Salaried,1469218,359373,24,687,2,26491,Personal,No Default
52328,28,Salaried,1001149,1167204,4,640,4,59904,Personal,No Default
52329,25,Self-Employed,1534386,1428847,11,803,0,72917,Personal,No Default
52330,25,Salaried,734889,937238,26,370,1,36872,Business,Default
52331,25,Salaried,1651448,779749,6,428,2,19328,Personal,No Default
52332,47,Salaried,1376333,272413,26,743,3,10770,Business,No Default
52333,25,Self-Employed,338738,501916,29,589,0,11106,Home,No Default
52334,23,Salaried,1315614,1118052,11,898,2,56888,Education,No Default
52335,58,Salaried,1061209,909029,26,686,1,2774,Personal,Default
52336,50,Salaried,1539867,903641,1,317,4,67592,Personal,No Default
52337,21,Salaried,605450,1189776,9,854,1,25055,Home,No Default
52338,28,Unemployed,1264628,799120,27,375,4,34648,Education,No Default
52339,33,Salaried,1387685,539282,7,852,2,55196,Home,No Default
52340,40,Salaried,1603282,514754,21,664,2,2545,Education,No Default
52341,26,Self-Employed,1333293,581596,22,579,1,54132,Personal,No Default
52342,28,Salaried,1107929,684229,3,579,1,39674,Education,No Default
52343,50,Salaried,299303,869699,29,742,4,63486,Home,Default
52344,60,Salaried,882849,1046630,9,628,0,44373,Personal,Default
52345,35,Salaried,1351829,1459349,2,835,1,73931,Home,Default
52346,30,Salaried,452785,784625,28,807,0,16501,Personal,No Default
52347,53,Salaried,286104,1127800,10,749,0,5388,Business,No Default
52348,29,Salaried,1818968,1427143,17,674,0,54355,Personal,No Default
52349,53,Salaried,1868157,1437488,1,595,2,52564,Education,Default
52350,29,Self-Employed,253315,345840,26,775,2,78357,Education,No Default
52351,34,Self-Employed,145915,110312,18,692,0,68107,Education,No Default
52352,52,Self-Employed,995394,1430659,6,408,0,20124,Education,No Default
52353,57,Salaried,1355617,64992,6,658,2,50877,Education,No Default
52354,26,Unemployed,583639,1237638,9,588,4,19228,Business,Default
52355,25,Salaried,903811,1029413,10,717,3,21049,Personal,No Default
52356,24,Salaried,434545,1142791,15,617,1,6592,Personal,No Default
52357,36,Salaried,179146,240070,4,640,0,54742,Business,No Default
52358,30,Salaried,1762280,394688,8,616,2,12691,Business,No Default
52359,51,Salaried,1355899,1326194,4,648,0,59886,Education,No Default
52360,51,Salaried,233703,840776,3,326,0,41381,Home,Default
52361,34,Salaried,1277716,363667,4,700,0,45860,Home,No Default
52362,33,Salaried,1247143,817418,1,615,0,65791,Education,No Default
52363,24,Unemployed,1057956,1250731,9,858,4,52521,Business,No Default
52364,46,Salaried,1471916,186188,11,667,1,10477,Personal,No Default
52365,44,Salaried,1424550,633948,21,642,1,10052,Home,No Default
52366,29,Self-Employed,1304244,878078,23,664,2,70595,Home,No Default
52367,55,Salaried,1716348,1319195,19,372,4,30797,Business,No Default
52368,62,Salaried,1243332,54610,21,421,4,40306,Education,No Default
52369,35,Salaried,1960780,755044,29,485,1,17410,Personal,No Default
52370,44,Self-Employed,596563,110519,26,618,2,39334,Education,No Default
52371,51,Self-Employed,1940124,504464,20,893,4,62780,Education,Default
52372,39,Salaried,1492559,1397985,7,841,2,13495,Education,No Default
52373,22,Salaried,1888989,1495644,5,652,1,9857,Education,No Default
52374,22,Salaried,223085,1457942,2,654,0,45677,Home,No Default
52375,61,Salaried,625924,69788,19,405,4,9826,Business,No Default
52376,56,Unemployed,534806,1067948,24,717,2,15791,Personal,No Default
52377,57,Salaried,1503058,582012,3,504,0,52481,Home,Default
52378,54,Salaried,1680675,1280365,15,864,1,72069,Personal,No Default
52379,59,Self-Employed,1819159,1144602,7,681,3,54050,Personal,No Default
52380,39,Salaried,1290229,715357,5,596,4,28965,Home,No Default
52381,58,Unemployed,1431639,1410308,23,578,4,55191,Home,No Default
52382,43,Self-Employed,707306,584983,10,488,2,38850,Personal,No Default
52383,36,Salaried,1591233,93422,9,842,1,24840,Personal,Default
52384,64,Self-Employed,1806540,1036629,23,749,1,30638,Business,No Default
52385,26,Salaried,1082159,899874,14,557,4,70870,Home,No Default
52386,46,Salaried,1016104,182470,22,752,4,68247,Home,No Default
52387,42,Self-Employed,1804143,682338,28,871,2,76640,Personal,No Default
52388,44,Salaried,1373574,385371,13,377,2,73246,Personal,No Default
52389,60,Salaried,763823,126479,1,322,3,44694,Education,No Default
52390,41,Salaried,1316094,391606,16,802,0,65826,Personal,No Default
52391,50,Salaried,1632318,1420993,20,484,2,63193,Personal,No Default
52392,31,Salaried,1685535,1144393,8,846,0,71370,Business,No Default
52393,29,Salaried,1420196,1495058,17,812,4,50945,Personal,No Default
52394,32,Salaried,1939994,1498200,6,348,3,76435,Education,No Default
52395,46,Salaried,470302,1375562,2,467,3,41978,Education,No Default
52396,58,Self-Employed,1570382,1240784,13,320,3,26996,Home,No Default
52397,23,Salaried,1557318,333484,25,691,1,73340,Education,No Default
52398,53,Salaried,1714865,477958,8,404,4,58809,Home,Default
52399,35,Salaried,1463962,1064448,25,589,1,75269,Personal,No Default
52400,25,Salaried,1679667,407474,9,725,1,35020,Education,No Default
52401,44,Salaried,1200022,1042285,13,528,3,11190,Business,No Default
52402,31,Salaried,636193,1071218,18,480,1,73363,Business,No Default
52403,53,Salaried,626749,106725,18,651,4,21939,Education,No Default
52404,43,Self-Employed,861609,1145594,9,524,4,10484,Home,No Default
52405,30,Salaried,1731551,1396705,2,533,1,59512,Home,No Default
52406,63,Salaried,1809609,265327,4,565,4,29357,Home,No Default
52407,48,Salaried,1618282,896773,18,613,0,75088,Education,No Default
52408,59,Salaried,1015292,760907,17,798,1,51188,Personal,No Default
52409,37,Salaried,175956,1187825,12,517,3,68980,Personal,No Default
52410,64,Salaried,873415,751342,16,510,3,24406,Personal,No Default
52411,46,Salaried,605487,1440432,13,398,4,55543,Home,No Default
52412,45,Self-Employed,707151,69075,11,687,4,61711,Education,No Default
52413,56,Salaried,1964572,1481949,14,644,3,26288,Business,No Default
52414,32,Self-Employed,1685115,200798,10,552,0,9793,Personal,No Default
52415,23,Self-Employed,441200,837987,23,823,3,8677,Personal,No Default
52416,49,Salaried,837445,984163,28,417,1,57869,Home,No Default
52417,64,Salaried,1543697,560640,27,899,3,58335,Personal,No Default
52418,44,Salaried,545424,962994,21,508,2,15268,Education,Default
52419,39,Salaried,1092555,998470,19,708,0,12634,Personal,No Default
52420,33,Unemployed,1341742,1167201,24,780,0,8420,Home,No Default
52421,36,Salaried,509950,1047783,21,628,3,55896,Education,No Default
52422,60,Self-Employed,1393372,385258,17,482,2,71914,Home,No Default
52423,47,Self-Employed,1343259,434800,9,716,1,68534,Business,No Default
52424,26,Salaried,1840013,1067980,14,382,3,6302,Personal,Default
52425,62,Salaried,367805,295912,5,553,1,63290,Education,No Default
52426,30,Salaried,592451,690580,3,304,2,9830,Education,No Default
52427,58,Self-Employed,1152414,597473,22,602,3,20908,Personal,No Default
52428,28,Self-Employed,142073,965309,8,835,3,74271,Business,No Default
52429,38,Salaried,1814314,84594,18,727,1,34898,Business,No Default
52430,52,Salaried,560741,356651,27,526,3,65887,Personal,No Default
52431,37,Salaried,1223689,776218,3,862,2,47191,Personal,No Default
52432,62,Self-Employed,1102908,857944,23,689,3,79145,Personal,No Default
52433,22,Unemployed,344571,1235459,2,863,4,45177,Home,No Default
52434,64,Salaried,451950,744802,27,311,2,54168,Education,No Default
52435,40,Salaried,396028,1256374,11,636,0,39062,Education,Default
52436,30,Salaried,1009445,1425477,28,428,1,42903,Personal,No Default
52437,29,Salaried,783887,781732,5,310,2,55986,Home,No Default
52438,59,Self-Employed,1846123,675982,25,789,0,25599,Home,No Default
52439,61,Salaried,860626,822446,7,571,0,26373,Education,No Default
52440,45,Salaried,1295629,846294,14,656,2,13004,Business,No Default
52441,45,Salaried,1211033,934772,29,391,0,44477,Personal,Default
52442,44,Salaried,520296,526763,19,308,0,51157,Personal,No Default
52443,26,Salaried,898229,85107,2,422,4,59355,Home,No Default
52444,50,Self-Employed,419200,138080,26,580,3,4150,Education,No Default
52445,30,Self-Employed,388601,195497,9,757,4,25226,Home,Default
52446,59,Salaried,1824853,513824,25,750,3,79994,Business,No Default
52447,51,Salaried,371015,702731,25,706,0,63528,Education,No Default
52448,38,Salaried,584575,166304,10,355,3,33435,Personal,No Default
52449,63,Salaried,559943,60208,19,678,4,66950,Education,No Default
52450,53,Salaried,1231626,920583,17,801,1,29994,Education,No Default
52451,39,Salaried,1362971,629873,25,322,1,56102,Personal,Default
52452,43,Salaried,290487,919112,7,544,3,54434,Business,Default
52453,25,Self-Employed,1711262,1445926,18,717,1,9892,Home,No Default
52454,46,Salaried,1901000,1137645,6,530,2,73089,Business,No Default
52455,49,Salaried,1747922,1416938,27,509,1,21988,Business,No Default
52456,44,Salaried,891462,1252866,9,461,3,74690,Business,No Default
52457,26,Self-Employed,1674245,214232,8,676,0,41907,Education,Default
52458,59,Salaried,1034257,1306467,27,469,4,17479,Business,No Default
52459,24,Salaried,1284740,861438,28,638,1,67713,Education,No Default
52460,62,Salaried,1463666,700898,22,773,3,12802,Education,No Default
52461,46,Salaried,614218,1138492,22,526,4,9774,Home,No Default
52462,35,Self-Employed,187620,599955,24,662,2,18625,Home,No Default
52463,33,Unemployed,442237,1319861,9,778,0,44339,Business,No Default
52464,60,Salaried,487514,1175003,24,854,4,77324,Education,No Default
52465,42,Self-Employed,551736,1353420,1,774,4,15749,Personal,Default
52466,33,Salaried,1147389,560164,2,494,3,62873,Education,No Default
52467,59,Salaried,1550359,326558,22,311,2,48521,Home,No Default
52468,37,Self-Employed,311224,1294272,24,794,1,77732,Personal,No Default
52469,56,Salaried,1364328,854996,4,361,2,58547,Education,No Default
52470,59,Salaried,1045370,55316,28,828,0,68836,Business,Default
52471,45,Self-Employed,1314359,1028532,20,570,1,62433,Education,No Default
52472,54,Salaried,1788509,1346116,29,837,2,56069,Personal,No Default
52473,41,Salaried,1328391,1257838,18,856,0,32591,Business,No Default
52474,45,Self-Employed,1436106,504573,10,364,4,61132,Personal,No Default
52475,45,Self-Employed,1104346,662641,1,779,4,16384,Home,No Default
52476,42,Self-Employed,1654229,742136,10,789,4,41005,Home,Default
52477,43,Salaried,1958021,909341,9,367,4,28348,Education,No Default
52478,45,Self-Employed,871581,112938,23,661,1,38573,Education,No Default
52479,34,Self-Employed,587758,1277758,25,871,4,4214,Home,No Default
52480,34,Salaried,1155461,753555,13,318,1,32973,Personal,Default
52481,46,Self-Employed,206905,610342,15,844,1,26632,Personal,No Default
52482,60,Salaried,1574613,781769,18,390,2,57301,Business,No Default
52483,50,Salaried,1120604,1201397,26,537,4,18621,Business,No Default
52484,46,Salaried,1293693,703869,13,761,3,2732,Business,No Default
52485,58,Salaried,1633002,593300,5,323,4,49693,Home,No Default
52486,42,Salaried,1167356,394602,2,526,3,24547,Home,Default
52487,59,Salaried,1238347,260602,26,680,4,57671,Home,No Default
52488,59,Salaried,620584,854596,7,305,1,4454,Education,No Default
52489,54,Salaried,440521,580893,9,869,4,31487,Personal,Default
52490,45,Salaried,1983292,913686,19,656,4,32689,Home,Default
52491,56,Self-Employed,1995246,753469,14,456,4,24607,Business,No Default
52492,33,Self-Employed,933616,1245793,17,500,4,47265,Business,No Default
52493,49,Self-Employed,291695,989295,20,524,2,13575,Home,No Default
52494,62,Salaried,1563097,852552,20,762,2,69960,Home,No Default
52495,29,Self-Employed,140021,991057,11,556,1,40951,Personal,Default
52496,35,Salaried,317831,690936,22,892,1,54576,Business,No Default
52497,51,Salaried,1014878,1246010,5,730,3,18469,Personal,No Default
52498,64,Self-Employed,405328,688428,12,724,1,52730,Home,No Default
52499,47,Salaried,1167518,352009,29,706,2,13678,Personal,No Default
52500,51,Self-Employed,1094922,397626,21,404,1,73237,Education,Default
52501,30,Salaried,780074,1005353,9,551,3,62771,Home,No Default
52502,57,Salaried,1651461,1169013,29,398,3,47699,Business,No Default
52503,27,Self-Employed,1724536,683284,27,477,2,17002,Business,No Default
52504,52,Salaried,736725,445701,17,564,1,30389,Personal,No Default
52505,31,Self-Employed,1235133,303688,8,431,3,49971,Home,No Default
52506,48,Self-Employed,1978209,1158365,24,498,1,31421,Business,No Default
52507,24,Salaried,949728,172863,27,356,1,8971,Personal,No Default
52508,51,Salaried,284051,1197528,8,708,2,21235,Personal,No Default
52509,49,Salaried,1237125,1417762,29,561,2,77693,Home,No Default
52510,53,Salaried,969689,1465303,12,874,1,54393,Business,No Default
52511,24,Salaried,1488537,977247,29,417,4,69066,Business,No Default
52512,46,Salaried,638296,472663,19,784,4,2774,Business,Default
52513,51,Unemployed,684484,960614,10,620,0,53613,Home,No Default
52514,51,Self-Employed,1937302,729647,24,607,0,9985,Home,No Default
52515,47,Self-Employed,119061,77108,2,789,0,10307,Home,No Default
52516,45,Salaried,1204309,770417,24,620,2,74878,Education,No Default
52517,56,Salaried,722664,936004,28,655,1,65196,Personal,No Default
52518,51,Self-Employed,1319652,94049,8,819,3,32119,Education,No Default
52519,63,Salaried,1753489,384700,14,825,1,58808,Education,No Default
52520,57,Self-Employed,484151,86395,19,323,1,53897,Business,No Default
52521,64,Unemployed,1536478,1083358,4,491,0,62587,Business,Default
52522,43,Salaried,607866,249156,9,648,1,48278,Personal,No Default
52523,55,Self-Employed,282365,805214,13,324,0,21231,Personal,Default
52524,24,Salaried,1333330,199596,9,689,1,68162,Home,No Default
52525,48,Self-Employed,1011118,498376,26,898,3,32028,Business,No Default
52526,62,Salaried,1158813,1137766,13,867,4,33143,Education,No Default
52527,61,Salaried,898126,842278,25,489,4,48392,Personal,No Default
52528,62,Self-Employed,972904,827976,16,327,2,47578,Personal,No Default
52529,33,Self-Employed,1552260,422294,26,840,3,25975,Education,No Default
52530,21,Salaried,1822397,714172,22,790,1,60983,Home,Default
52531,32,Salaried,1092880,645231,1,787,3,29521,Business,No Default
52532,63,Self-Employed,960494,802497,8,471,1,12613,Business,No Default
52533,60,Self-Employed,481587,1234415,29,337,3,59580,Education,No Default
52534,46,Unemployed,178000,570992,9,598,3,21441,Home,No Default
52535,43,Self-Employed,1225175,517114,24,565,4,73403,Education,Default
52536,42,Self-Employed,1118423,199875,13,326,3,60311,Business,No Default
52537,48,Self-Employed,835640,323115,17,751,2,57088,Education,No Default
52538,37,Salaried,113064,1088269,28,768,1,78559,Education,No Default
52539,26,Salaried,1104780,1057101,22,384,0,76747,Business,No Default
52540,34,Salaried,808684,1016063,25,312,3,34506,Business,Default
52541,37,Self-Employed,232004,935674,9,869,0,69542,Business,Default
52542,58,Self-Employed,510235,375630,7,558,4,11033,Education,No Default
52543,25,Salaried,1728699,114840,23,399,0,64074,Education,Default
52544,33,Salaried,515373,617279,20,560,2,36971,Education,Default
52545,29,Salaried,152381,467211,23,577,2,17064,Home,No Default
52546,64,Salaried,1166150,729808,10,365,4,66705,Personal,No Default
52547,62,Salaried,1590104,276744,21,899,2,57935,Home,No Default
52548,46,Salaried,564260,315321,27,677,1,63105,Personal,No Default
52549,33,Unemployed,1705643,470563,26,816,2,70733,Business,No Default
52550,39,Salaried,524104,196756,5,416,3,25790,Personal,No Default
52551,37,Salaried,211422,1120311,17,798,2,44024,Home,No Default
52552,36,Salaried,388169,55100,2,504,1,47241,Business,No Default
52553,50,Unemployed,501276,724628,9,886,4,20892,Personal,No Default
52554,52,Self-Employed,1837152,616979,2,379,2,36486,Personal,Default
52555,34,Salaried,959629,1439884,10,317,1,32084,Personal,No Default
52556,35,Unemployed,1999625,1236055,27,357,3,13524,Education,Default
52557,32,Salaried,1351069,74054,12,411,0,4593,Business,Default
52558,57,Salaried,1017930,483414,2,896,0,35466,Education,No Default
52559,31,Salaried,1385051,310777,15,614,4,75104,Business,No Default
52560,25,Salaried,1698355,487663,25,461,4,57602,Personal,No Default
52561,31,Salaried,1430273,697599,3,623,0,60288,Personal,Default
52562,54,Unemployed,1292566,766969,2,630,0,3225,Home,No Default
52563,39,Self-Employed,374657,469875,7,879,4,64060,Personal,No Default
52564,46,Salaried,247902,1495697,28,801,0,69764,Education,No Default
52565,46,Salaried,1863190,219886,9,356,2,12648,Education,Default
52566,37,Salaried,1324343,1268496,11,464,1,6948,Personal,No Default
52567,51,Salaried,1309819,275538,29,465,4,33696,Education,No Default
52568,39,Salaried,233322,781386,22,596,1,22186,Personal,Default
52569,64,Salaried,156263,760668,28,303,3,70635,Home,No Default
52570,40,Self-Employed,686402,433646,16,709,3,47926,Home,No Default
52571,43,Self-Employed,1620936,122220,7,405,2,19922,Personal,Default
52572,45,Salaried,102681,825147,29,865,3,60912,Home,Default
52573,48,Salaried,1605295,1066244,13,465,4,62614,Personal,No Default
52574,57,Salaried,183321,884313,3,553,2,33568,Education,No Default
52575,32,Salaried,758767,660533,11,427,2,8978,Personal,No Default
52576,21,Salaried,925961,194190,3,785,4,14098,Business,Default
52577,22,Salaried,411045,292504,15,375,0,35313,Business,Default
52578,30,Salaried,1166003,1128464,8,520,1,65239,Personal,No Default
52579,54,Self-Employed,1802327,144827,7,733,4,43143,Personal,No Default
52580,52,Salaried,646035,359604,5,836,0,51989,Personal,No Default
52581,45,Self-Employed,637843,1210449,6,738,0,58317,Home,No Default
52582,30,Salaried,455274,501181,25,734,3,61285,Business,No Default
52583,21,Self-Employed,1869863,1084185,19,825,2,16240,Personal,No Default
52584,52,Salaried,1612147,544195,28,432,2,19841,Personal,No Default
52585,57,Salaried,647551,1264756,3,740,3,78998,Education,No Default
52586,32,Salaried,302592,534737,11,833,3,21184,Education,No Default
52587,38,Salaried,609189,1004088,6,886,2,38071,Home,No Default
52588,50,Salaried,1613691,1417335,27,690,4,28029,Home,No Default
52589,33,Unemployed,760487,645646,24,543,4,25670,Business,No Default
52590,23,Self-Employed,1253469,337256,21,445,4,9489,Business,No Default
52591,41,Salaried,947885,66037,14,714,4,17767,Personal,No Default
52592,62,Salaried,1781794,258081,17,726,3,69247,Business,No Default
52593,34,Salaried,1141025,403107,3,511,1,27356,Personal,No Default
52594,60,Self-Employed,420533,1485825,29,548,1,25871,Home,No Default
52595,30,Self-Employed,1554304,700311,24,334,2,50164,Home,No Default
52596,22,Salaried,950154,1237715,4,552,1,55301,Home,No Default
52597,57,Self-Employed,1655796,988931,9,585,4,71919,Education,No Default
52598,31,Self-Employed,1021541,1048198,13,509,3,9451,Business,No Default
52599,21,Salaried,1766023,1291315,6,409,4,44028,Home,No Default
52600,46,Salaried,1810790,600728,10,629,0,60176,Home,No Default
52601,62,Self-Employed,1829669,1351736,20,441,3,57242,Home,Default
52602,33,Self-Employed,324811,655451,20,386,0,65529,Business,No Default
52603,48,Salaried,1707175,809693,26,439,0,38256,Business,No Default
52604,56,Unemployed,641463,400882,21,631,2,5212,Education,No Default
52605,41,Salaried,1129658,1011091,13,325,0,68452,Education,No Default
52606,30,Salaried,1894484,184592,23,661,1,27146,Education,No Default
52607,32,Salaried,1891026,737496,14,659,1,29375,Education,No Default
52608,47,Unemployed,1728059,758214,12,514,0,53246,Home,No Default
52609,23,Salaried,1700954,240137,23,376,2,13430,Personal,No Default
52610,48,Salaried,556695,462207,13,394,0,40810,Education,No Default
52611,22,Salaried,1456356,1365830,10,517,3,43580,Personal,Default
52612,48,Salaried,532082,484440,7,667,3,31348,Home,Default
52613,51,Self-Employed,1508968,817533,5,351,3,41499,Home,No Default
52614,63,Salaried,992184,765918,12,573,3,32726,Business,No Default
52615,41,Self-Employed,336587,1444933,29,743,0,79075,Personal,No Default
52616,27,Unemployed,173334,552999,25,332,4,60958,Personal,No Default
52617,51,Salaried,473100,364031,2,715,4,5698,Home,No Default
52618,34,Self-Employed,153111,388395,8,724,3,34969,Business,Default
52619,59,Salaried,1234860,689913,26,306,2,6237,Education,No Default
52620,59,Salaried,888148,870077,8,794,2,21553,Education,No Default
52621,29,Salaried,1971412,740590,19,653,0,4864,Business,Default
52622,43,Self-Employed,799684,1224659,5,498,4,41128,Business,Default
52623,32,Salaried,173406,541311,8,734,0,17326,Education,No Default
52624,49,Salaried,287585,611549,10,435,1,7412,Home,No Default
52625,58,Unemployed,800493,291146,13,587,3,58827,Home,No Default
52626,59,Self-Employed,304988,1458152,9,866,1,11349,Business,No Default
52627,42,Salaried,433406,1122941,7,707,1,53461,Home,No Default
52628,24,Salaried,1942565,1208703,20,635,2,35144,Home,No Default
52629,27,Salaried,197304,301486,20,301,4,75933,Personal,No Default
52630,60,Salaried,1801165,802418,19,484,3,79452,Education,No Default
52631,28,Salaried,1708350,730165,11,860,0,17372,Business,Default
52632,55,Salaried,1986565,199155,8,737,3,64586,Education,No Default
52633,29,Salaried,140655,883042,22,321,0,38431,Personal,No Default
52634,33,Self-Employed,1635834,1241809,16,511,0,65182,Home,No Default
52635,59,Salaried,488189,719763,10,776,4,24678,Home,No Default
52636,40,Salaried,189638,307017,6,765,1,35828,Personal,No Default
52637,41,Salaried,1736687,166833,10,533,0,65352,Education,No Default
52638,39,Salaried,475971,1193082,10,471,4,62167,Personal,No Default
52639,22,Salaried,1354278,805487,25,817,1,56745,Home,No Default
52640,64,Salaried,1517556,60468,27,543,1,23947,Home,Default
52641,60,Salaried,709089,585423,19,720,3,72660,Education,No Default
52642,50,Salaried,1433814,501190,4,678,3,43849,Home,No Default
52643,43,Salaried,229095,1320029,19,772,3,21579,Education,No Default
52644,60,Salaried,1030857,1487776,3,640,2,33658,Business,Default
52645,33,Salaried,1996858,375279,17,422,1,11250,Home,Default
52646,53,Salaried,539169,901131,14,733,2,32163,Home,No Default
52647,52,Salaried,1884645,725515,10,487,3,29122,Education,No Default
52648,48,Self-Employed,526627,704017,6,313,4,59855,Business,No Default
52649,44,Unemployed,214708,858422,16,369,3,77574,Home,No Default
52650,62,Salaried,897696,1275693,9,710,0,71948,Home,Default
52651,48,Self-Employed,1050949,658361,21,890,4,6398,Business,No Default
52652,50,Self-Employed,247003,705968,12,617,4,30236,Home,No Default
52653,61,Unemployed,666347,1011507,12,736,1,55329,Education,Default
52654,49,Salaried,102650,446510,28,891,2,2657,Business,No Default
52655,54,Self-Employed,562221,301684,14,445,0,57488,Business,No Default
52656,42,Unemployed,1660663,404685,26,526,4,65711,Personal,No Default
52657,45,Salaried,1146097,917141,2,681,2,56262,Home,No Default
52658,34,Salaried,405168,832439,10,479,2,47400,Business,No Default
52659,30,Unemployed,504808,135105,4,835,0,19492,Business,No Default
52660,30,Salaried,1729102,1145619,28,398,0,35754,Business,No Default
52661,28,Salaried,877425,1259398,6,690,3,59199,Personal,No Default
52662,34,Self-Employed,1323479,368680,23,569,3,75938,Home,Default
52663,58,Salaried,807199,840138,28,393,4,11106,Business,No Default
52664,52,Salaried,1555249,1056683,29,762,4,35273,Home,No Default
52665,52,Salaried,1613924,1447142,13,584,4,28433,Business,Default
52666,23,Salaried,1884623,752904,23,321,3,45197,Education,No Default
52667,40,Self-Employed,1942082,1173958,14,301,4,13105,Business,No Default
52668,33,Salaried,1116299,1438975,4,402,4,33741,Business,No Default
52669,43,Self-Employed,1919383,136924,10,335,3,51412,Personal,No Default
52670,39,Salaried,1594445,1143692,10,573,3,60053,Business,No Default
52671,36,Salaried,1730208,921896,5,350,4,3951,Education,No Default
52672,56,Salaried,1594600,751686,29,442,4,4370,Business,No Default
52673,55,Salaried,284991,1430074,4,782,2,50068,Education,No Default
52674,27,Self-Employed,1443699,320231,12,316,1,43047,Education,No Default
52675,57,Salaried,431402,958202,26,888,3,24867,Education,No Default
52676,28,Self-Employed,504925,556724,22,577,1,79117,Personal,No Default
52677,45,Salaried,1715789,413891,27,737,3,70270,Home,No Default
52678,43,Salaried,1296335,753776,14,735,2,69792,Home,Default
52679,30,Salaried,951498,1186205,7,683,1,52224,Education,No Default
52680,50,Self-Employed,1136978,640871,2,431,2,57094,Personal,No Default
52681,53,Salaried,398684,1141989,14,562,0,12502,Personal,Default
52682,31,Self-Employed,1428885,1078082,10,693,1,51130,Home,No Default
52683,55,Self-Employed,540105,921012,28,507,1,38045,Education,No Default
52684,47,Salaried,1381177,516682,16,525,1,71505,Home,Default
52685,23,Salaried,1734919,917962,3,764,0,69024,Home,No Default
52686,28,Salaried,1046698,732198,27,657,0,28234,Personal,Default
52687,33,Unemployed,880312,1072866,8,443,2,45027,Personal,No Default
52688,62,Salaried,1845703,819867,23,653,0,12807,Business,No Default
52689,23,Salaried,882360,180393,28,550,3,45977,Personal,No Default
52690,40,Salaried,549107,613322,17,675,4,66840,Personal,Default
52691,55,Self-Employed,1073929,1451595,4,544,1,11788,Home,No Default
52692,33,Self-Employed,617872,500445,21,317,2,18749,Personal,Default
52693,40,Unemployed,504598,1233056,19,784,2,45491,Personal,No Default
52694,44,Self-Employed,718442,199140,15,301,2,21435,Home,No Default
52695,29,Salaried,186123,1029312,20,675,2,35551,Personal,No Default
52696,50,Salaried,166889,1070931,26,865,1,9159,Personal,Default
52697,45,Self-Employed,960339,999895,10,465,2,47129,Business,No Default
52698,36,Unemployed,1485328,1451745,10,628,1,51389,Education,No Default
52699,28,Salaried,352034,1022531,23,747,2,79611,Business,Default
52700,64,Salaried,871878,667531,24,391,2,44945,Personal,No Default
52701,48,Self-Employed,218690,1318780,12,819,4,3462,Home,No Default
52702,32,Salaried,381328,1187223,9,551,3,65220,Home,No Default
52703,44,Salaried,1155478,1026478,15,338,0,67344,Education,Default
52704,49,Unemployed,907079,659143,29,735,0,60215,Home,No Default
52705,35,Self-Employed,1329022,543631,18,661,0,11413,Personal,No Default
52706,38,Salaried,653428,1153427,20,861,3,20050,Business,Default
52707,27,Salaried,1341365,99698,1,382,1,13628,Education,No Default
52708,33,Salaried,1511261,1119921,3,326,0,41064,Business,No Default
52709,39,Unemployed,151730,744712,8,888,0,36424,Home,No Default
52710,63,Unemployed,1375405,894229,7,320,0,35899,Personal,Default
52711,25,Self-Employed,228996,101843,15,517,1,33247,Education,No Default
52712,46,Salaried,1445266,584237,8,344,3,68346,Home,No Default
52713,22,Salaried,1731421,259169,15,706,3,67591,Home,No Default
52714,53,Self-Employed,1726070,537765,27,778,1,21907,Business,No Default
52715,57,Salaried,243577,1485760,22,863,4,25943,Home,No Default
52716,45,Salaried,156618,1228844,5,636,2,21046,Business,No Default
52717,45,Salaried,1629142,793491,12,447,1,70815,Home,No Default
52718,59,Salaried,1122187,657546,12,710,2,3533,Business,No Default
52719,50,Unemployed,1972039,1189154,26,813,3,19046,Business,No Default
52720,61,Salaried,1323435,1498793,9,871,2,49403,Personal,No Default
52721,24,Self-Employed,1904480,1368668,21,684,0,54175,Education,No Default
52722,39,Salaried,293697,1182967,9,781,2,64742,Education,No Default
52723,47,Self-Employed,763403,1343578,15,400,2,59487,Personal,No Default
52724,59,Self-Employed,265202,730655,15,413,3,26291,Home,No Default
52725,44,Salaried,717238,731171,29,561,4,41377,Home,No Default
52726,57,Salaried,1732710,353666,20,721,2,4004,Education,No Default
52727,45,Salaried,1540902,502895,12,353,3,46729,Business,No Default
52728,49,Salaried,413536,824568,5,487,0,72970,Business,No Default
52729,51,Self-Employed,678961,734585,1,838,2,39014,Education,No Default
52730,55,Salaried,860199,161350,22,891,2,43312,Education,No Default
52731,48,Salaried,762104,418549,19,489,0,53126,Personal,No Default
52732,58,Salaried,359113,1250371,11,846,1,60477,Home,No Default
52733,64,Salaried,1910524,1352373,26,357,4,6561,Business,Default
52734,24,Self-Employed,936822,1073608,18,802,0,35831,Personal,Default
52735,48,Salaried,1712124,560951,6,488,0,68931,Education,No Default
52736,51,Salaried,1464480,125085,17,847,0,60892,Personal,No Default
52737,43,Self-Employed,1778670,1218489,14,867,1,52682,Personal,No Default
52738,34,Salaried,889902,293574,12,878,0,2052,Business,No Default
52739,48,Self-Employed,1835579,967417,25,612,1,21535,Personal,No Default
52740,34,Salaried,1677065,1264378,5,468,4,57016,Business,No Default
52741,21,Salaried,564103,65136,7,430,1,65838,Education,No Default
52742,63,Salaried,1229439,941982,27,863,4,37554,Business,No Default
52743,52,Salaried,1393869,1170077,26,451,4,16675,Home,No Default
52744,61,Self-Employed,651628,1297862,16,404,4,35912,Education,No Default
52745,38,Salaried,1766580,1055529,25,666,3,4112,Business,No Default
52746,25,Salaried,1817424,685960,9,391,4,15751,Education,No Default
52747,62,Salaried,1244486,1029903,29,731,1,35063,Personal,No Default
52748,35,Salaried,498629,1142543,23,878,3,29565,Education,Default
52749,62,Self-Employed,140200,743435,15,604,0,52732,Business,Default
52750,36,Salaried,553395,69507,4,327,0,69961,Personal,No Default
52751,56,Self-Employed,122355,675735,20,587,2,74755,Home,Default
52752,56,Unemployed,1424551,1016979,23,654,4,70163,Education,No Default
52753,60,Salaried,1500077,766387,24,843,2,39573,Business,No Default
52754,50,Self-Employed,1276787,213153,7,703,4,18365,Education,No Default
52755,58,Salaried,1081814,953322,27,435,4,63506,Education,No Default
52756,43,Salaried,922828,138122,14,367,1,60937,Business,No Default
52757,31,Salaried,293428,1338392,26,453,1,10701,Home,Default
52758,45,Salaried,675208,969846,4,762,0,9935,Business,No Default
52759,63,Unemployed,342740,1486993,4,625,3,53043,Education,No Default
52760,22,Salaried,409930,94360,24,395,0,19845,Home,No Default
52761,55,Salaried,1540766,322311,28,496,4,74456,Home,Default
52762,44,Salaried,511141,560949,14,407,3,36738,Home,Default
52763,33,Self-Employed,408150,804971,25,345,2,3551,Home,No Default
52764,62,Salaried,954059,1409023,7,485,4,18485,Education,No Default
52765,57,Self-Employed,1945850,294321,15,753,1,42851,Business,No Default
52766,50,Salaried,699747,1473708,12,622,0,27309,Business,No Default
52767,31,Self-Employed,310435,1427711,14,584,0,29010,Personal,No Default
52768,43,Self-Employed,1523992,239378,13,382,2,69355,Personal,No Default
52769,48,Self-Employed,517342,814285,19,626,0,19540,Personal,No Default
52770,49,Salaried,1877755,284767,12,748,0,6934,Home,No Default
52771,35,Salaried,1993082,1494331,16,620,3,76232,Home,No Default
52772,23,Self-Employed,1416277,806042,26,444,4,72472,Business,No Default
52773,29,Salaried,890864,1451706,16,577,3,55934,Home,Default
52774,28,Salaried,1815942,1487270,1,313,3,74404,Business,No Default
52775,53,Salaried,1571781,986093,15,561,0,45155,Personal,No Default
52776,54,Salaried,551259,835732,5,713,4,11125,Business,No Default
52777,29,Salaried,1517011,542659,6,793,0,30985,Home,Default
52778,37,Salaried,1710652,53591,27,346,0,21088,Business,Default
52779,61,Salaried,1737031,202170,25,495,3,57593,Business,Default
52780,21,Salaried,938598,552385,21,589,1,22702,Business,No Default
52781,60,Salaried,1175463,1488130,17,731,1,65840,Home,No Default
52782,25,Salaried,515848,534873,11,819,3,20493,Education,No Default
52783,50,Self-Employed,1003136,210675,27,623,3,33327,Personal,No Default
52784,31,Salaried,327551,1081565,4,728,0,31295,Education,No Default
52785,48,Salaried,1111106,1434549,18,592,4,28999,Education,Default
52786,58,Salaried,1739377,769934,20,676,0,45606,Education,No Default
52787,37,Salaried,1890066,1277748,14,834,0,47460,Education,No Default
52788,43,Salaried,1974810,1122814,23,383,2,9072,Home,No Default
52789,38,Salaried,1182602,791253,9,672,0,60622,Home,No Default
52790,57,Self-Employed,1389999,1461293,28,323,4,18773,Education,No Default
52791,47,Salaried,1887153,962274,3,624,0,43725,Education,No Default
52792,45,Self-Employed,437850,1445123,3,615,3,10539,Business,No Default
52793,25,Unemployed,598392,1371904,11,849,4,11537,Business,No Default
52794,39,Salaried,1529537,398493,20,520,3,34287,Personal,No Default
52795,47,Salaried,785443,337626,23,513,2,50191,Personal,No Default
52796,33,Salaried,1412452,65660,22,771,2,50281,Personal,No Default
52797,27,Unemployed,1524884,785582,5,790,4,78733,Business,No Default
52798,46,Self-Employed,496158,547515,4,384,1,29140,Education,No Default
52799,34,Self-Employed,684141,1328521,12,684,1,57167,Education,No Default
52800,47,Salaried,346208,598767,24,303,4,76057,Personal,No Default
52801,28,Self-Employed,1944437,805209,12,413,4,60317,Personal,No Default
52802,51,Self-Employed,1899213,1296092,4,514,3,26780,Home,No Default
52803,55,Salaried,1316916,349374,3,635,2,61603,Personal,No Default
52804,47,Salaried,419820,1299267,23,466,4,49873,Business,No Default
52805,24,Salaried,1564309,1101916,2,586,0,79912,Business,No Default
52806,62,Salaried,1736591,1203827,4,794,3,29578,Personal,No Default
52807,24,Self-Employed,1768349,606117,24,683,2,18715,Personal,No Default
52808,38,Salaried,653187,810776,4,816,3,29544,Home,No Default
52809,43,Salaried,639356,298185,26,426,2,47763,Home,Default
52810,52,Salaried,868890,1044450,28,732,0,42361,Home,No Default
52811,32,Salaried,689989,450371,7,385,2,74523,Business,No Default
52812,40,Salaried,317824,961477,2,897,3,48534,Home,No Default
52813,32,Unemployed,720030,534341,11,835,2,76490,Education,No Default
52814,28,Salaried,1702133,1486806,5,344,3,53935,Education,No Default
52815,42,Salaried,456944,482654,28,589,4,23674,Education,No Default
52816,47,Salaried,243291,557112,13,534,0,41092,Home,Default
52817,61,Salaried,1233270,689041,4,456,3,13738,Business,No Default
52818,61,Salaried,1207619,1461075,9,705,1,68018,Business,Default
52819,37,Salaried,257061,443218,7,804,1,56655,Home,Default
52820,52,Salaried,1738127,434258,25,421,2,46435,Personal,No Default
52821,53,Salaried,1846342,1014298,27,523,4,46818,Personal,No Default
52822,51,Salaried,1514044,640148,29,322,4,13424,Home,Default
52823,26,Salaried,324666,1030207,13,496,1,62355,Business,No Default
52824,59,Self-Employed,1369316,787884,10,778,2,30667,Education,No Default
52825,29,Salaried,743720,857707,7,584,4,56384,Personal,No Default
52826,62,Unemployed,486711,363878,18,817,4,55013,Education,No Default
52827,52,Salaried,116830,113261,28,607,2,11559,Business,No Default
52828,56,Salaried,521266,475277,18,644,3,75850,Personal,No Default
52829,36,Unemployed,1836800,699814,2,697,1,47374,Home,No Default
52830,32,Salaried,1249306,741250,21,763,4,10735,Education,Default
52831,61,Salaried,1847613,664184,1,414,3,73112,Education,No Default
52832,23,Salaried,643929,786725,13,749,3,53352,Education,No Default
52833,47,Self-Employed,506771,855930,23,703,3,53855,Home,Default
52834,47,Salaried,1890582,1437723,2,847,3,75742,Home,No Default
52835,29,Salaried,254307,1033386,4,528,0,62719,Education,Default
52836,37,Salaried,1517718,980873,9,543,0,66278,Home,No Default
52837,25,Self-Employed,1046463,1012618,8,364,2,60242,Personal,No Default
52838,46,Salaried,604176,372215,26,536,1,77110,Business,No Default
52839,41,Salaried,1910496,617806,18,302,2,45018,Personal,No Default
52840,21,Salaried,816961,1470605,16,799,0,21992,Home,No Default
52841,21,Self-Employed,557630,1491200,4,336,2,51755,Business,No Default
52842,55,Salaried,1761498,282819,4,549,2,6043,Education,Default
52843,29,Salaried,639597,74686,18,302,3,42022,Education,No Default
52844,43,Self-Employed,1460533,387835,2,534,4,31264,Business,No Default
52845,58,Salaried,816193,587362,21,716,0,48329,Personal,No Default
52846,61,Salaried,436352,1116667,11,550,0,56521,Education,Default
52847,24,Unemployed,523544,1137397,20,442,2,21876,Education,No Default
52848,39,Self-Employed,556972,271930,24,355,4,79320,Education,No Default
52849,57,Salaried,1359262,509266,4,360,2,76732,Home,No Default
52850,25,Salaried,1515903,1022943,24,367,1,74290,Personal,No Default
52851,48,Salaried,922461,1494831,14,378,0,54286,Home,No Default
52852,62,Unemployed,1804341,508248,21,626,3,49441,Business,No Default
52853,43,Unemployed,1202588,626296,17,666,3,61155,Business,No Default
52854,58,Salaried,496776,1051765,25,834,3,10723,Home,No Default
52855,43,Self-Employed,111575,1418388,8,825,0,51157,Education,No Default
52856,38,Self-Employed,1881331,1006608,1,689,0,64058,Home,No Default
52857,49,Salaried,1244724,172494,28,588,3,38444,Personal,Default
52858,48,Salaried,1686017,1003762,19,820,0,52636,Education,No Default
52859,29,Salaried,1452797,342835,19,552,3,4266,Business,No Default
52860,59,Salaried,389157,533284,21,394,1,69950,Personal,No Default
52861,30,Self-Employed,1286338,808831,7,302,1,4552,Business,No Default
52862,22,Unemployed,865338,1036218,1,345,1,64751,Personal,No Default
52863,33,Salaried,318323,335959,1,824,2,48363,Personal,Default
52864,58,Salaried,816413,928106,10,781,2,21244,Personal,No Default
52865,47,Salaried,1528848,1444184,13,896,4,35845,Business,No Default
52866,61,Self-Employed,439111,1186347,22,717,4,62210,Home,No Default
52867,40,Salaried,1024685,468317,5,342,4,4526,Home,No Default
52868,60,Salaried,1310953,276198,12,858,1,34501,Education,Default
52869,30,Salaried,1942739,922985,28,505,1,35489,Business,No Default
52870,36,Salaried,201225,256549,29,574,1,7801,Education,No Default
52871,35,Salaried,729966,564190,3,894,0,24437,Education,No Default
52872,33,Unemployed,1076679,701890,29,396,0,64806,Personal,No Default
52873,58,Salaried,1636042,468632,19,478,1,68881,Personal,No Default
52874,40,Salaried,303631,685472,4,447,3,2745,Home,No Default
52875,44,Salaried,1383513,779800,15,683,4,15326,Home,No Default
52876,61,Salaried,466082,615314,13,371,2,10124,Education,No Default
52877,27,Salaried,100910,433119,11,516,4,7599,Education,No Default
52878,43,Salaried,1317118,55260,26,732,3,39581,Education,No Default
52879,44,Self-Employed,1657898,938927,2,800,0,78152,Home,No Default
52880,49,Salaried,1458061,202355,29,332,1,9764,Education,No Default
52881,25,Salaried,187718,837899,9,515,0,42077,Home,Default
52882,63,Salaried,1205426,792132,29,400,0,12891,Business,Default
52883,55,Self-Employed,260462,1235749,12,769,3,11654,Business,No Default
52884,21,Salaried,1999237,1040587,4,479,0,52499,Education,No Default
52885,56,Self-Employed,950323,445976,26,632,0,31817,Home,No Default
52886,38,Salaried,735093,455864,19,787,4,66811,Business,Default
52887,26,Salaried,1545830,870593,10,759,4,67488,Home,No Default
52888,43,Salaried,783575,1185874,11,676,3,51116,Home,Default
52889,30,Unemployed,1245677,887155,7,434,1,17538,Business,No Default
52890,27,Salaried,1050403,521817,13,709,4,27807,Education,No Default
52891,64,Salaried,1584808,1016243,9,454,0,16289,Education,Default
52892,28,Salaried,1826182,949092,12,579,2,71797,Business,No Default
52893,33,Salaried,1328952,1312296,29,778,4,71618,Personal,No Default
52894,50,Salaried,118862,717056,2,498,2,19963,Home,No Default
52895,38,Salaried,288898,525751,22,716,1,70955,Personal,No Default
52896,34,Salaried,1755088,307416,21,397,0,20401,Education,No Default
52897,31,Salaried,968250,1447978,1,549,4,5037,Home,No Default
52898,62,Salaried,1015739,636359,27,404,1,16501,Business,No Default
52899,58,Salaried,1020023,407112,7,626,3,19145,Education,No Default
52900,33,Salaried,368256,1152670,1,781,1,46932,Education,No Default
52901,62,Salaried,1542784,138251,26,676,3,49948,Education,No Default
52902,64,Salaried,1404765,863556,25,314,3,61546,Business,No Default
52903,53,Salaried,367791,335547,16,780,4,71279,Business,Default
52904,33,Salaried,1388703,1100998,4,315,2,65039,Personal,No Default
52905,45,Salaried,1243126,1490177,8,874,3,33966,Business,No Default
52906,44,Salaried,1549389,155894,17,784,0,43376,Personal,Default
52907,49,Salaried,1796458,718815,21,578,4,8210,Home,No Default
52908,56,Salaried,740685,995691,19,632,3,68123,Home,No Default
52909,26,Salaried,1992178,1322306,4,556,4,31443,Home,Default
52910,38,Salaried,780993,752469,28,484,0,78535,Education,No Default
52911,48,Salaried,1791017,911500,4,887,4,58335,Education,No Default
52912,25,Salaried,747908,569941,8,326,4,38426,Education,Default
52913,38,Salaried,1348750,92478,10,324,3,67379,Business,No Default
52914,57,Self-Employed,1058976,1399313,26,361,1,17845,Business,No Default
52915,27,Salaried,482066,486135,29,532,4,65352,Personal,No Default
52916,29,Unemployed,1872757,70954,16,763,3,77951,Education,No Default
52917,55,Salaried,1750429,1131917,19,648,0,47377,Business,No Default
52918,32,Self-Employed,995120,601707,1,585,0,23964,Home,Default
52919,60,Salaried,1095886,1231870,5,713,1,12375,Home,No Default
52920,64,Self-Employed,1227191,1324547,2,895,0,49531,Business,Default
52921,59,Salaried,1407825,559198,29,705,3,7913,Home,No Default
52922,44,Salaried,1654132,902755,27,680,1,31351,Home,No Default
52923,29,Salaried,305159,143901,16,469,3,45329,Personal,No Default
52924,32,Unemployed,591804,939403,13,589,1,51932,Home,No Default
52925,56,Unemployed,1143700,1123738,6,815,1,60880,Education,No Default
52926,57,Salaried,1348461,233874,4,586,3,34938,Business,No Default
52927,29,Salaried,1691879,619857,25,606,1,22608,Business,No Default
52928,59,Salaried,1674621,1216513,7,861,3,53879,Education,No Default
52929,42,Salaried,263157,77277,2,307,0,63836,Home,No Default
52930,37,Salaried,1339766,1465095,23,656,0,69644,Personal,No Default
52931,53,Unemployed,1956871,1016620,10,880,4,65297,Personal,No Default
52932,44,Salaried,1436818,1446676,14,438,2,77386,Education,No Default
52933,35,Salaried,539436,62167,8,810,2,11987,Home,No Default
52934,49,Salaried,1294943,277371,3,547,0,41384,Education,Default
52935,52,Salaried,1580347,1289578,3,840,4,21388,Personal,Default
52936,53,Salaried,1436541,749866,27,482,2,13961,Home,No Default
52937,49,Salaried,1715236,1375094,2,722,3,76382,Education,No Default
52938,35,Salaried,646121,336695,28,696,3,75180,Education,No Default
52939,47,Salaried,1202566,144188,17,604,1,66089,Home,No Default
52940,54,Salaried,1502248,1331458,19,318,2,44836,Personal,No Default
52941,24,Salaried,360749,1481486,10,682,3,26843,Home,Default
52942,38,Self-Employed,1026053,1356871,12,525,2,3092,Personal,No Default
52943,41,Salaried,1135657,1322166,27,529,1,44428,Business,Default
52944,28,Self-Employed,1498688,924266,23,794,0,77049,Personal,No Default
52945,26,Salaried,663786,318496,11,783,4,42095,Personal,No Default
52946,40,Salaried,1798693,1472286,9,658,1,39761,Business,No Default
52947,22,Salaried,933808,506533,25,672,1,5079,Education,No Default
52948,42,Self-Employed,1197123,1417800,13,377,1,44468,Education,Default
52949,41,Self-Employed,1020645,1369314,6,626,4,14167,Personal,Default
52950,26,Salaried,242140,582763,14,575,3,4135,Business,No Default
52951,52,Salaried,1507598,826854,22,651,2,23305,Business,No Default
52952,26,Self-Employed,940137,179599,11,481,0,48422,Home,No Default
52953,33,Salaried,769616,924467,5,804,0,68222,Personal,No Default
52954,21,Salaried,1343369,1061878,2,897,4,11166,Business,No Default
52955,42,Salaried,264036,670271,7,688,0,56053,Education,No Default
52956,44,Salaried,1002994,1267072,17,634,4,18964,Business,No Default
52957,61,Salaried,630118,508426,6,745,4,29716,Business,No Default
52958,50,Salaried,378012,125923,14,808,2,14199,Business,No Default
52959,42,Salaried,762039,1336844,4,547,2,19280,Business,No Default
52960,64,Salaried,1648082,314814,3,592,4,4433,Education,No Default
52961,32,Salaried,592457,1419983,11,830,2,38720,Business,No Default
52962,46,Salaried,1134386,1037400,29,437,3,74988,Personal,No Default
52963,24,Salaried,1553514,1133892,1,855,1,4169,Business,No Default
52964,39,Salaried,1082082,592998,14,644,0,48854,Education,No Default
52965,36,Unemployed,614154,1347132,6,336,0,35590,Personal,Default
52966,32,Self-Employed,638277,1199086,29,613,0,28787,Business,No Default
52967,53,Salaried,1402917,55179,23,519,0,79062,Education,Default
52968,41,Self-Employed,1913358,767298,27,442,3,4139,Personal,No Default
52969,56,Salaried,222850,1083802,17,703,3,30425,Business,Default
52970,29,Salaried,1728565,1123639,27,703,1,43273,Business,No Default
52971,59,Salaried,1522456,384645,17,854,4,70185,Business,No Default
52972,62,Self-Employed,320170,1132142,23,778,2,56241,Personal,No Default
52973,28,Self-Employed,901351,479339,11,859,1,41821,Home,No Default
52974,40,Salaried,1058810,1274965,28,519,0,3489,Business,No Default
52975,30,Salaried,1262492,1421937,22,666,2,45568,Education,Default
52976,52,Salaried,766396,1296043,7,495,1,67109,Home,No Default
52977,48,Salaried,468758,1123515,13,331,0,37300,Business,Default
52978,30,Salaried,1369622,1014606,8,353,1,19039,Education,No Default
52979,28,Salaried,645287,483672,8,722,0,71254,Business,No Default
52980,53,Self-Employed,340348,832172,9,533,0,53826,Education,No Default
52981,33,Self-Employed,1388271,1292123,29,409,3,74980,Business,No Default
52982,64,Salaried,1003586,192095,25,399,0,73745,Education,No Default
52983,55,Salaried,141543,914838,7,510,1,75402,Education,No Default
52984,49,Self-Employed,872807,939758,25,702,2,38783,Home,Default
52985,25,Self-Employed,940992,680176,22,449,3,24360,Home,No Default
52986,23,Salaried,827273,1159492,9,693,2,51352,Personal,No Default
52987,57,Salaried,778148,572374,11,557,4,8611,Education,No Default
52988,61,Self-Employed,1794628,285778,2,544,2,31105,Education,No Default
52989,26,Self-Employed,1732912,850706,27,449,4,75865,Home,Default
52990,62,Salaried,1112757,264766,18,398,4,46023,Personal,No Default
52991,36,Salaried,1105645,397429,22,402,3,36243,Education,Default
52992,55,Salaried,514437,1390855,3,311,2,31853,Business,No Default
52993,38,Salaried,1124671,1303526,18,525,0,46373,Business,No Default
52994,31,Self-Employed,262829,847844,16,741,3,30807,Personal,No Default
52995,43,Salaried,421259,544541,8,447,3,2448,Education,No Default
52996,31,Self-Employed,803635,1244941,23,478,0,2068,Education,Default
52997,49,Salaried,1781056,496185,8,306,2,6908,Home,Default
52998,62,Salaried,386468,194266,6,451,3,9369,Home,No Default
52999,47,Salaried,1070257,1211859,25,881,4,36508,Education,Default
53000,29,Self-Employed,1308382,141182,25,652,0,28595,Business,Default
